Salary,Position,Age,GP,GS,MP,FG,3P,2P,FT,TRB,AST,STL,BLK,TOV,PF,PTS,PER,TS%,3PAr,FTr,ORB%,DRB%,TRB%,AST%,STL%,BLK%,TOV%,USG%,OWS,DWS,WS,VORP
48070014,PG,34,56,56,34.7,8.35,3.3,5.1,3.8750000000000004,6.1,6.049999999999999,0.9,0.4,3.0,2.1,23.099999999999998,24.1,0.656,0.564,0.248,2.3,16.8,9.7,30.0,1.3,0.9,12.5,31.0,4.5,2.0,7.8,2.1500000000000004
47345760,PG,32,34,3,22.2,4.1,1.0,3.1,2.3,2.7,5.2,0.8,0.4,2.4,1.7,11.4,13.6,0.498,0.322,0.334,2.1,11.4,6.8,33.825,1.8,1.4,17.1,27.0,-0.4,0.7,0.3,0.1
47080179,PG,34,73,24,29.1,5.9,1.2,4.7,2.8,5.8,6.049999999999999,1.0,0.5,3.0,2.2,15.9,16.1,0.513,0.289,0.317,4.7,16.5,10.8,33.825,1.7,1.3,18.4,27.7,-0.6,2.6,1.9,1.2
44474988,PF,38,55,54,35.5,8.35,2.2,6.8999999999999995,3.8750000000000004,8.3,6.049999999999999,0.9,0.6,3.0,1.6,23.099999999999998,23.9,0.583,0.309,0.268,3.7,20.8,12.5,33.5,1.2,1.4,11.6,31.424999999999997,3.2,2.4,5.6,2.1500000000000004
44119845,PF,34,47,47,35.6,8.35,2.0,6.8999999999999995,3.8750000000000004,6.7,5.0,0.7,1.1,3.0,2.1,23.099999999999998,25.725000000000005,0.677,0.267,0.387,1.2,19.5,10.5,24.5,1.0,3.4,13.4,30.7,4.5,2.1,6.8,2.1500000000000004
43279250,SG,29,50,50,33.5,8.35,1.6,6.8999999999999995,3.8,3.9,5.4,0.9,0.7,2.9,2.1,23.099999999999998,19.7,0.593,0.249,0.26,2.8,9.9,6.5,26.6,1.3,1.7,12.9,29.2,2.2,1.2,3.4,1.6
42492492,SF,31,52,50,33.6,8.35,2.0,6.6,3.8750000000000004,6.5,3.9,1.4,0.5,1.7,1.6,23.099999999999998,23.9,0.623,0.287,0.32,3.7,17.8,10.8,19.6,2.0,1.4,8.1,27.0,4.5,2.2,7.1,2.1500000000000004
42492492,SF,32,56,56,34.6,8.2,2.8,5.4,3.8750000000000004,6.1,5.1,1.5,0.4,3.0,2.8,23.099999999999998,19.6,0.588,0.424,0.293,2.6,17.0,9.9,24.2,2.1,0.9,13.4,29.5,2.3,2.3,4.6,2.1500000000000004
42492492,PF,28,63,63,32.1,8.35,0.7,6.8999999999999995,3.8750000000000004,8.4,5.7,0.8,0.8,3.0,3.1,23.099999999999998,25.725000000000005,0.605,0.134,0.5935,7.3,29.825000000000003,19.1,33.2,1.2,2.1,13.2,31.424999999999997,4.5,3.7,8.425,2.1500000000000004
42492492,PG,32,58,58,36.3,8.35,3.3,5.4,3.8750000000000004,4.8,6.049999999999999,0.9,0.3,3.0,1.9,23.099999999999998,25.725000000000005,0.645,0.547,0.464,2.4,12.8,7.6,33.825,1.2,0.8,11.7,31.424999999999997,4.5,0.8,8.425,2.1500000000000004
40600080,SF,32,69,69,33.0,7.9,3.3,3.6,1.7,4.1,2.4,0.7,0.4,1.8,1.9,21.9,14.7,0.576,0.584,0.105,1.9,11.7,6.9,11.0,1.0,1.1,8.6,26.4,1.2,1.9,3.1,1.0
38917057,PG,30,60,60,37.4,8.35,3.1,6.8,3.8750000000000004,5.1,5.5,1.1,0.8,2.1,2.8,23.099999999999998,22.4,0.613,0.412,0.227,3.0,12.3,7.7,25.4,1.4,1.7,8.8,28.9,4.5,2.0,7.4,2.1500000000000004
38172414,C,30,70,70,30.7,5.1,0.0,5.1,3.1,8.4,1.2,0.8,1.1,1.7,3.0,13.4,18.9,0.675,0.005,0.5935,12.2,29.8,21.125,5.6,1.2,3.9,14.9,16.3,4.3,3.5,7.8,1.4
37984276,SF,31,33,19,24.3,5.4,1.5,3.8,2.8,4.2,4.9,0.7,0.2,2.2,2.1,15.1,17.4,0.551,0.399,0.251,3.8,14.0,9.1,30.7,1.4,0.5,13.6,27.4,1.0,1.0,1.9,0.6
37980720,C,29,56,54,34.0,8.35,0.3,6.8999999999999995,3.8750000000000004,8.4,2.6,1.1,1.1,2.2,2.6,23.099999999999998,25.725000000000005,0.627,0.077,0.462,11.3,27.6,19.7,13.0,1.5,4.824999999999999,9.5,28.4,4.5,3.4,8.425,2.1500000000000004
37653300,PF,33,64,64,33.4,7.5,0.6,6.8999999999999995,3.8750000000000004,5.9,5.3,1.55,0.3,1.6,1.3,22.9,25.725000000000005,0.647,0.116,0.5935,7.5,13.3,10.3,27.1,2.7,1.0,8.2,25.6,4.5,2.9,8.425,2.1500000000000004
37633050,SF,30,74,74,32.9,5.7,1.7,4.0,1.5,5.7,2.5,0.9,0.5,1.2,2.0,14.7,14.8,0.602,0.383,0.153,3.3,17.0,10.3,11.4,1.4,1.5,9.0,18.2,3.1,2.8,5.9,1.7
37281261,PG,32,9,1,16.0,2.7,0.8,1.9,1.9,1.8,2.1,0.2,0.2,0.4,1.2,8.0,15.0,0.543,0.491,0.368,2.4,10.6,6.5,20.1,0.7,1.2,5.7,22.1,0.2,0.1,0.3,0.1
37096500,PG,24,73,73,34.8,8.2,2.1,6.1,3.8750000000000004,3.0,6.049999999999999,1.1,0.1,3.0,1.4,23.099999999999998,22.0,0.573,0.331,0.46,2.4,7.0,4.7,33.825,1.5,0.3,15.2,31.424999999999997,4.5,1.4,6.7,2.1500000000000004
37096500,SG,27,77,77,35.9,8.35,2.6,6.1,3.8750000000000004,4.5,4.2,0.9,0.2,2.5,2.1,23.099999999999998,19.0,0.607,0.392,0.308,1.7,12.2,7.1,18.7,1.2,0.6,11.0,28.3,4.2,2.9,7.1,2.1500000000000004
35448672,PG,26,42,33,26.3,3.2,0.0,3.2,0.6,6.3,6.049999999999999,1.3,0.6,2.3,3.3,6.9,13.4,0.559,0.009,0.243,4.2,22.2,13.4,31.3,2.4,1.9,23.25,14.3,0.5,1.7,2.2,0.7
35448672,PF,28,71,71,37.4,8.35,1.3,6.8999999999999995,3.8750000000000004,7.8,5.8,0.9,0.5,2.4,3.2,23.099999999999998,20.3,0.565,0.219,0.361,5.2,19.6,11.9,24.9,1.2,1.3,10.0,27.2,4.5,2.6,7.8,2.1500000000000004
35096500,C,26,62,62,29.4,6.5,1.5,5.0,3.5,7.5,1.4,0.6,1.1,1.7,3.5,18.0,20.0,0.651,0.34,0.377,5.4,22.9,14.2,7.5,0.9,4.824999999999999,10.8,22.0,3.4,2.0,5.4,1.9
34319520,PG,32,67,65,32.6,7.3,2.4,5.0,2.3,5.1,6.049999999999999,1.2,0.4,2.9,1.7,19.3,19.2,0.586,0.402,0.173,3.9,12.0,8.1,33.825,1.7,0.9,15.2,25.0,3.9,2.8,6.7,2.1500000000000004
33833400,PF,27,29,29,33.0,7.3,2.1,5.2,3.8750000000000004,8.1,4.8,0.7,0.6,3.0,3.7000000000000006,20.8,18.8,0.618,0.383,0.315,5.7,21.6,13.8,22.0,1.0,1.5,15.0,25.6,1.5,1.1,2.7,1.2
33833400,SG,26,53,53,34.6,8.35,2.1,6.8999999999999995,3.8750000000000004,4.5,5.5,1.0,0.3,2.7,3.0,23.099999999999998,22.0,0.601,0.296,0.336,2.7,12.0,7.2,27.3,1.4,0.9,10.6,31.424999999999997,4.2,1.9,6.0,2.1500000000000004
33616770,SF,27,37,37,32.2,6.8,2.4,4.4,1.2,5.0,2.3,1.2,0.8,1.3,2.9,17.1,14.7,0.564,0.425,0.136,5.7,11.3,8.6,10.5,1.8,2.1,7.9,21.5,1.0,1.3,2.3,0.5
33616770,C,28,66,66,34.6,8.35,1.0,6.8999999999999995,3.8750000000000004,8.4,4.2,1.0,1.1,3.0,3.1,23.099999999999998,25.725000000000005,0.655,0.151,0.581,5.9,28.3,17.3,22.9,1.4,4.6,11.9,31.424999999999997,4.5,3.9,8.425,2.1500000000000004
33333333,SG,31,75,75,35.3,7.8,2.8,5.0,2.4,4.4,5.7,0.9,0.5,2.4,2.0,20.9,15.6,0.541,0.404,0.177,2.4,11.7,7.0,25.1,1.3,1.4,11.2,26.4,1.5,2.8,4.3,1.9
33000000,PG,33,58,58,36.8,6.4,2.8,3.6,3.8750000000000004,6.1,6.049999999999999,1.2,0.5,3.0,1.9,21.0,21.6,0.607,0.496,0.429,2.3,17.1,9.8,33.825,1.6,1.4,16.3,25.0,4.5,2.6,8.4,2.1500000000000004
31650600,PG,25,65,65,32.8,7.3,2.6,4.6,2.8,4.0,6.049999999999999,1.0,0.2,2.2,1.6,20.0,18.0,0.571,0.415,0.207,2.7,11.0,6.9,27.5,1.5,0.7,11.3,26.1,3.3,1.9,5.1,1.8
31650600,SF,25,45,45,34.2,8.35,1.4,6.8999999999999995,3.8750000000000004,5.5,5.8,0.7,0.4,3.0,2.6,23.099999999999998,19.2,0.582,0.196,0.326,1.7,16.4,9.1,28.1,1.0,1.2,13.4,30.8,1.8,1.7,3.5,1.4
31377750,PG,26,71,71,32.5,6.3,2.7,3.5,2.5,3.0,6.049999999999999,1.0,0.4,2.6,2.0,17.8,16.3,0.605,0.517,0.228,1.7,8.5,5.2,27.4,1.4,1.1,15.1,22.7,3.1,1.9,5.1,2.0
30913750,SG,26,68,68,35.8,8.35,3.3,6.4,3.8750000000000004,4.3,4.4,1.5,0.4,2.6,2.5,23.099999999999998,22.9,0.614,0.453,0.262,3.1,10.9,7.0,21.4,2.0,1.0,10.3,31.424999999999997,4.5,3.5,8.425,2.1500000000000004
30913750,PG,24,68,68,35.5,8.35,0.9,6.8999999999999995,3.8750000000000004,4.8,5.5,1.55,1.0,2.8,2.8,23.099999999999998,25.725000000000005,0.626,0.122,0.535,2.6,12.2,7.3,25.7,2.2,2.5,10.1,31.424999999999997,4.5,3.0,8.425,2.1500000000000004
30913750,C,24,67,67,30.4,7.8,0.1,6.8999999999999995,2.3,8.4,1.7,0.6,0.8,1.8,2.8,18.0,19.9,0.617,0.027,0.225,9.2,27.5,18.1,9.2,0.9,2.3,11.0,22.9,3.3,3.0,6.2,1.5
30556968,PF,34,62,20,20.0,2.7,1.6,1.1,1.3,6.4,1.9,0.3,0.2,1.1,1.6,8.2,13.1,0.548,0.698,0.215,5.5,29.825000000000003,18.9,13.2,0.6,0.9,13.1,19.2,0.6,2.0,2.6,0.8
30351780,SF,24,74,74,36.9,8.35,3.2,6.6,3.8750000000000004,8.4,4.6,1.1,0.7,2.9,2.2,23.099999999999998,23.7,0.607,0.44,0.399,3.2,22.5,13.0,20.9,1.4,1.6,10.4,31.424999999999997,4.5,4.05,8.425,2.1500000000000004
30351780,C,25,75,75,34.6,8.0,0.0,6.8999999999999995,3.8750000000000004,8.4,3.2,1.2,0.8,2.5,2.8,20.4,20.1,0.592,0.011,0.361,8.0,23.6,15.5,15.9,1.7,2.4,12.7,25.2,3.6,3.8,7.4,2.1500000000000004
30351780,PG,25,73,73,33.4,8.35,1.6,6.8999999999999995,3.8750000000000004,4.2,6.049999999999999,1.1,0.3,2.5,2.4,23.099999999999998,21.8,0.599,0.276,0.331,1.9,12.4,7.2,29.6,1.6,0.8,10.6,30.1,4.5,1.8,7.4,2.1500000000000004
30075000,SF,32,50,50,31.5,5.5,1.0,4.5,2.6,4.3,4.1,0.8,0.2,2.0,1.4,14.7,13.5,0.563,0.275,0.274,2.2,12.6,7.3,19.3,1.3,0.7,13.2,20.0,0.8,1.1,2.0,0.2
29776785,SF,26,67,67,35.9,8.35,2.4,6.8999999999999995,3.8750000000000004,6.9,3.5,1.1,0.4,2.9,2.6,23.099999999999998,19.1,0.581,0.352,0.249,3.6,17.0,10.4,16.5,1.5,0.9,11.4,31.4,1.6,3.4,5.0,2.0
28400000,PG,37,59,59,32.0,5.0,1.7,3.3,2.3,4.3,6.049999999999999,1.5,0.4,1.9,2.1,13.9,17.7,0.555,0.391,0.24,1.6,13.4,7.4,33.825,2.4,1.0,13.4,19.2,3.7,2.5,6.2,2.1500000000000004
28333334,PG,36,55,44,31.2,3.6,1.9,1.6,2.1,4.1,5.1,1.0,0.4,1.9,2.6,11.2,12.6,0.565,0.639,0.278,2.8,12.9,7.7,23.4,1.7,1.2,15.9,16.7,1.5,1.9,3.4,0.9
27733332,PG,26,68,68,35.0,8.35,2.0,6.7,3.8750000000000004,3.5,6.049999999999999,0.9,0.2,2.1,2.2,23.099999999999998,21.2,0.597,0.269,0.328,1.8,9.3,5.6,28.7,1.3,0.6,9.4,27.2,4.5,1.8,8.425,2.1500000000000004
27300000,SF,33,74,74,36.2,8.35,0.6,6.8999999999999995,3.8750000000000004,4.6,5.1,1.1,0.5,2.1,2.5,23.099999999999998,20.6,0.592,0.109,0.401,1.5,12.8,7.2,22.3,1.5,1.3,9.1,27.8,4.5,3.2,8.425,2.1500000000000004
26500000,C,36,63,63,30.5,3.6,2.3,1.3,0.2,6.2,3.0,0.5,1.0,0.6,1.9,9.8,13.8,0.631,0.678,0.044,4.2,17.7,11.1,13.2,0.8,2.7,7.0,11.9,3.6,2.7,6.3,2.1500000000000004
25806468,PF,32,73,73,31.5,3.4,0.5,2.9,1.1,7.2,6.049999999999999,1.0,0.8,2.8,3.1,8.5,12.2,0.592,0.276,0.228,3.2,21.6,12.6,27.8,1.5,2.3,23.25,13.2,1.6,3.1,4.7,1.6
23760000,PF,28,77,77,35.5,8.35,2.8,5.7,3.8750000000000004,8.4,4.1,0.6,0.3,2.8,3.0,23.099999999999998,20.3,0.581,0.444,0.371,5.6,25.2,15.4,18.5,0.9,0.7,11.5,29.5,4.5,3.1,8.1,2.1500000000000004
23500000,PF,25,71,71,30.0,5.1,1.0,4.1,2.0,6.5,1.2,0.6,1.0,1.1,3.1,13.1,13.6,0.593,0.339,0.252,3.9,20.0,11.9,5.3,0.9,2.9,9.1,17.1,2.1,2.1,4.2,0.4
22680000,PG,35,67,66,30.3,3.9,2.0,1.9,2.1,2.7,6.049999999999999,1.1,0.2,1.5,2.1,11.9,14.7,0.583,0.575,0.277,1.8,7.9,4.9,29.4,1.7,0.6,13.1,16.3,4.1,1.4,5.5,1.5
22600000,PG,30,67,0,26.0,5.3,2.0,3.3,2.4,4.2,3.7,0.7,0.3,1.5,1.6,14.9,18.2,0.615,0.406,0.251,2.7,14.7,8.8,21.5,1.3,0.9,10.8,22.8,3.6,2.2,5.8,2.1
22321429,SG,23,62,62,35.0,7.5,3.3,4.1,2.6,2.6,4.1,0.7,0.2,2.1,2.3,21.1,14.8,0.581,0.538,0.171,0.9,7.6,4.3,18.6,0.9,0.6,10.2,25.1,2.1,0.3,2.5,0.5
21486316,SG,28,63,63,35.3,7.8,2.6,5.2,2.8,4.1,5.1,1.2,0.3,2.1,1.9,21.1,14.7,0.517,0.425,0.185,2.4,10.2,6.2,22.7,1.6,0.6,9.4,26.9,0.1,1.6,1.7,0.8
21250000,PG,28,69,69,36.7,6.3,3.0,3.3,3.7,4.1,6.049999999999999,1.55,0.6,2.0,2.8,19.3,17.0,0.54,0.545,0.254,1.2,12.0,6.3,28.1,2.4,1.5,10.2,23.2,3.7,2.8,6.5,2.1500000000000004
21177750,SF,30,80,73,31.0,5.9,3.3,2.3,1.3,5.0,2.8,1.2,0.3,1.7,2.0,16.8,15.4,0.614,0.652,0.124,3.0,14.9,8.9,13.3,1.8,0.9,11.3,20.8,2.7,1.6,4.4,2.1500000000000004
21100000,C,26,79,79,34.6,7.3,0.4,6.8999999999999995,3.8750000000000004,8.4,6.049999999999999,0.8,0.5,2.9,3.5,19.1,23.5,0.668,0.088,0.467,10.6,29.825000000000003,20.3,30.4,1.1,1.2,16.9,21.3,4.5,3.0,8.425,2.1500000000000004
20955000,PF,28,63,63,35.7,6.9,2.3,4.6,3.8750000000000004,4.5,2.4,0.8,0.8,1.8,2.4,20.5,16.0,0.606,0.393,0.375,2.7,11.9,7.2,10.3,1.1,2.1,9.8,22.8,3.1,1.0,4.1,1.0
20690909,PF,27,68,68,30.2,6.3,0.9,5.4,2.8,6.6,3.0,0.8,0.8,1.4,1.9,16.3,19.5,0.617,0.227,0.413,9.4,15.4,12.5,14.2,1.3,2.2,9.8,21.1,4.5,2.2,6.8,2.1
20100000,SF,26,83,83,35.7,7.1,2.0,5.1,3.8,4.4,3.3,1.1,0.7,1.5,1.9,20.1,16.8,0.587,0.349,0.279,2.9,10.8,6.8,13.7,1.5,1.8,8.2,22.6,4.4,3.1,7.5,2.1500000000000004
20000000,C,24,68,68,32.6,5.9,0.0,5.9,2.4,8.4,1.7,0.8,1.1,1.4,2.3,14.3,19.9,0.67,0.016,0.353,11.7,23.6,17.7,7.5,1.2,3.5,11.4,16.4,4.5,4.0,8.425,2.1500000000000004
19700319,PF,34,78,19,21.9,2.1,1.6,0.5,0.4,3.8,1.6,0.7,0.6,0.6,1.9,6.1,11.0,0.594,0.832,0.126,4.1,15.4,9.8,9.4,1.5,2.3,11.1,11.5,1.7,1.9,3.6,1.0
19568360,SG,34,69,58,28.5,4.2,1.9,2.3,2.1,1.9,2.7,0.6,0.4,1.5,1.1,12.4,11.8,0.587,0.545,0.265,0.9,6.7,3.8,13.4,1.1,1.2,12.5,17.8,1.8,0.5,2.3,0.1
19500000,SG,29,79,79,34.5,5.8,2.3,3.5,3.4,3.4,6.049999999999999,0.8,0.3,1.8,2.4,17.3,16.0,0.573,0.467,0.314,1.2,10.2,5.7,28.1,1.2,0.8,10.8,22.1,4.5,1.8,6.3,1.8
18796296,SG,28,74,30,30.2,4.3,1.7,2.6,1.8,3.8,3.9,1.0,0.3,1.6,2.3,12.1,12.4,0.546,0.437,0.243,2.8,12.1,7.4,18.0,1.6,1.0,12.4,18.7,1.4,3.1,4.4,1.0
18642857,SF,31,74,33,20.6,2.7,1.9,0.8,0.2,2.2,1.4,0.5,0.2,0.6,1.9,7.6,10.6,0.621,0.757,0.064,1.7,10.1,6.0,9.1,1.1,0.7,8.3,14.3,1.5,1.1,2.6,0.3
18352273,PF,30,82,82,32.5,4.6,1.6,3.0,3.8750000000000004,4.5,1.6,0.7,0.1,1.0,1.3,15.0,14.1,0.632,0.446,0.522,3.8,11.9,7.9,6.3,1.0,0.3,8.1,17.1,4.5,1.4,6.5,0.7
18206896,C,28,65,63,26.6,5.4,0.0,5.4,1.2,8.4,0.9,0.7,1.1,0.8,2.1,12.0,22.1,0.656,0.002,0.244,14.6,29.4,21.125,4.7,1.2,3.9,8.3,15.7,4.5,2.4,7.2,1.8
18000000,SG,30,27,7,17.0,2.1,1.3,0.8,0.7,1.8,1.3,0.6,0.1,0.8,1.7,6.1,6.9,0.471,0.687,0.127,1.0,10.8,5.9,10.6,1.7,0.6,11.2,18.4,-0.3,0.4,0.1,-0.2
17926829,C,29,42,42,27.0,3.7,0.0,3.7,1.1,8.4,2.3,0.9,1.1,1.9,2.3,8.6,17.5,0.564,0.004,0.49,14.6,25.3,21.125,11.2,1.5,3.7,19.8,14.6,1.3,2.1,3.4,0.7
17400000,PF,25,11,0,11.3,2.0,0.5,1.5,0.5,4.0,0.5,1.3,0.4,0.4,0.5,5.0,20.3,0.483,0.283,0.17,13.7,26.5,20.1,7.3,2.75,3.1,6.6,21.1,0.0,0.3,0.3,0.2
17357143,SF,25,67,67,35.6,6.3,2.1,4.2,2.1,5.0,2.0,1.55,0.7,2.0,3.0,16.8,14.6,0.586,0.415,0.189,4.2,12.1,7.9,8.0,2.7,2.0,12.1,19.5,1.8,2.9,4.7,1.5
17207142,PG,28,61,61,32.1,4.1,1.9,2.2,1.4,3.1,6.049999999999999,1.5,0.4,2.3,2.8,11.5,12.1,0.538,0.568,0.196,2.6,8.0,5.3,26.4,2.3,1.0,17.9,17.8,1.0,2.7,3.7,0.5
17142857,SG,28,82,70,28.3,4.3,1.8,2.5,2.0,3.6,3.9,0.7,0.9,1.2,2.2,12.4,15.4,0.604,0.516,0.253,2.5,11.2,6.9,19.4,1.1,2.8,10.1,17.7,4.4,3.1,7.4,2.1500000000000004
17071120,SG,26,74,74,36.4,8.3,1.8,6.5,2.1,5.3,6.049999999999999,1.5,0.3,2.2,1.4,20.5,17.0,0.54,0.293,0.144,2.1,13.8,7.9,24.0,2.0,0.6,10.2,24.4,2.4,2.3,4.7,2.1
17045454,C,24,59,58,27.0,3.2,0.0,3.2,1.0,8.4,0.9,0.9,1.1,0.7,2.7,7.4,18.9,0.652,0.0,0.436,14.6,20.0,19.2,4.5,1.7,4.824999999999999,10.9,10.1,4.0,2.6,6.5,1.7
16902000,SF,28,42,1,16.5,2.1,1.5,0.6,0.7,1.6,1.1,0.3,0.0,0.7,1.8,6.4,7.8,0.534,0.81,0.135,1.3,10.7,5.9,9.7,1.0,0.0,10.0,17.9,-0.1,0.6,0.5,-0.5
16758621,SG,29,60,8,26.1,5.7,1.9,3.8,3.8,2.9,1.8,0.8,0.3,1.7,2.1,17.0,17.1,0.612,0.404,0.39,1.7,10.7,6.3,11.0,1.6,1.0,10.8,26.0,2.1,1.4,3.5,0.9
16700000,PG,24,48,15,23.9,4.9,1.0,3.9,3.4,2.2,2.9,0.6,0.1,1.8,2.3,14.3,15.9,0.616,0.261,0.425,3.5,6.3,5.0,17.9,1.1,0.4,13.3,23.4,2.0,0.5,2.5,0.2
16500000,PG,24,60,60,29.6,5.8,0.5,5.4,1.9,3.9,5.7,1.5,0.4,2.3,2.2,14.0,16.6,0.564,0.128,0.211,4.4,10.5,7.4,29.8,2.4,1.4,15.8,21.3,1.7,2.0,3.7,1.2
16475454,PF,25,66,66,34.4,8.35,3.0,5.6,3.8750000000000004,8.4,1.9,0.6,0.6,1.9,2.1,23.099999999999998,22.1,0.64,0.446,0.348,6.3,20.7,13.6,8.6,0.9,1.4,8.8,26.6,4.5,1.9,8.2,2.1500000000000004
16372093,PF,33,65,65,28.1,4.2,1.7,2.5,1.0,4.0,1.8,0.6,0.3,0.9,2.1,11.2,10.5,0.534,0.479,0.135,1.8,13.9,7.9,8.9,1.1,1.0,7.6,17.6,0.4,1.6,2.0,0.0
15558035,SG,26,81,27,25.8,4.6,2.9,1.7,0.6,3.5,1.5,0.8,0.1,1.1,1.3,12.7,10.9,0.531,0.702,0.069,1.8,12.5,7.3,8.4,1.5,0.4,8.5,21.1,-0.2,1.6,1.4,0.0
15277778,SF,23,74,73,30.7,4.6,1.8,2.8,2.7,4.6,2.1,1.0,0.3,1.2,3.3,13.7,11.3,0.513,0.468,0.297,5.9,10.4,8.1,9.2,1.6,0.9,8.5,19.8,0.9,2.1,2.9,-0.6
15059712,SG,32,56,2,17.7,2.5,1.2,1.3,0.7,2.4,2.0,0.5,0.2,0.9,1.0,6.8,10.0,0.493,0.495,0.129,1.7,13.5,7.7,15.4,1.4,1.1,11.1,18.9,-0.4,0.8,0.4,-0.2
15000000,PG,26,80,22,24.3,3.9,1.5,2.4,1.0,2.5,5.2,1.0,0.1,0.9,0.4,10.3,16.0,0.546,0.459,0.141,1.5,9.4,5.5,28.8,2.0,0.3,8.9,17.7,3.4,2.3,5.7,1.7
14520730,PG,34,27,0,12.5,2.3,0.7,1.6,0.4,1.5,1.7,0.3,0.2,0.8,0.7,5.6,10.1,0.463,0.396,0.075,2.6,10.4,6.5,19.9,1.0,1.4,11.8,23.6,-0.3,0.3,0.0,-0.1
14508929,SG,24,75,75,29.4,5.6,2.7,2.9,1.3,3.3,2.9,1.1,0.3,1.3,2.4,15.2,15.2,0.617,0.589,0.151,2.2,10.8,6.5,14.1,1.7,1.0,9.5,19.9,3.3,1.7,4.9,1.7
14317459,C,27,67,17,25.9,5.9,1.6,4.3,3.2,7.3,1.8,0.4,1.1,1.8,2.5,16.6,20.6,0.624,0.363,0.365,5.8,27.4,16.4,11.7,0.9,3.7,11.9,26.4,2.7,2.1,4.8,1.6
14004703,SG,29,76,76,31.3,3.8,1.8,2.1,1.4,2.7,2.4,1.5,0.5,1.1,1.9,10.8,11.5,0.598,0.505,0.198,1.7,8.1,5.0,9.8,2.3,1.3,11.1,14.1,2.0,2.5,4.5,0.6
13906976,C,34,78,78,30.4,6.1,1.7,4.4,1.9,6.7,1.3,0.5,1.1,1.4,2.6,15.9,18.4,0.63,0.405,0.211,7.2,15.3,11.4,6.1,0.7,4.824999999999999,9.8,19.3,4.1,3.9,8.0,2.1500000000000004
13801614,SG,34,67,67,27.1,2.1,1.2,1.0,0.7,3.7,2.9,0.9,0.6,0.9,2.8,6.2,8.9,0.534,0.664,0.181,2.7,12.0,7.5,13.3,1.7,2.0,13.4,10.6,0.8,2.1,3.0,0.3
13750000,SF,31,64,0,20.5,3.7,1.9,1.8,0.8,2.2,1.4,0.2,0.1,0.9,1.8,10.2,11.2,0.59,0.57,0.134,1.9,9.9,5.8,9.8,0.5,0.4,9.5,19.2,1.0,0.0,1.0,-0.4
13745455,SG,26,59,14,22.3,3.2,2.3,0.9,0.6,2.7,1.5,0.5,0.1,0.8,1.4,9.3,13.0,0.684,0.704,0.102,1.2,11.8,6.6,9.4,1.2,0.3,10.3,14.5,2.2,1.2,3.4,0.8
13534817,PF,22,29,29,33.0,8.35,0.2,6.8999999999999995,3.8750000000000004,7.0,4.6,1.1,0.6,3.0,2.2,23.099999999999998,25.2,0.652,0.041,0.529,6.9,17.0,12.0,24.4,1.6,1.6,14.6,30.4,2.3,1.2,3.6,1.9
13340000,SG,30,61,61,32.6,7.5,2.5,5.0,3.3,4.0,4.4,0.5,0.2,3.0,2.0,20.8,14.7,0.558,0.445,0.238,4.0,9.3,6.7,20.9,0.8,0.6,14.0,27.8,0.9,0.8,1.7,0.3
13000000,SG,28,48,42,24.7,2.9,2.0,0.9,0.6,2.0,1.2,0.9,0.3,0.6,1.9,8.3,10.5,0.62,0.71,0.098,2.0,7.4,4.7,6.9,1.8,1.0,8.0,12.6,1.3,1.1,2.3,0.4
13000000,PF,27,64,64,35.0,8.0,2.5,5.5,2.7,7.2,3.7,0.6,0.5,3.0,2.3,21.2,14.3,0.544,0.421,0.208,2.8,19.5,11.5,16.5,0.8,1.1,13.2,27.9,-1.0,1.9,0.9,0.2
12960000,SF,27,76,52,32.3,3.6,0.8,2.8,1.7,7.8,3.8,1.2,0.3,1.5,2.6,9.8,14.1,0.622,0.315,0.338,6.5,21.0,13.7,16.1,1.8,0.8,16.4,12.6,3.8,2.2,6.0,1.8
12939848,PF,29,66,66,30.4,3.0,1.7,1.2,0.7,4.8,1.5,0.8,0.5,0.9,2.2,8.3,9.2,0.523,0.675,0.118,6.5,11.5,9.0,6.7,1.4,1.6,10.5,13.2,0.6,1.6,2.1,0.0
12804878,C,31,68,68,28.6,4.1,1.4,2.7,2.9,6.2,3.7,0.9,0.5,2.5,3.4,12.5,14.4,0.643,0.424,0.417,4.6,18.6,11.7,17.6,1.5,1.6,20.3,17.8,2.4,1.9,4.3,1.2
12690000,PF,30,76,0,20.0,3.4,0.8,2.6,1.7,5.5,0.4,0.6,0.8,0.5,1.9,9.4,18.0,0.59,0.357,0.318,10.9,21.2,15.7,2.7,1.5,4.1,6.4,18.0,3.0,2.0,5.0,0.7
12307692,PF,32,48,0,16.2,2.1,1.1,1.0,0.6,3.5,1.2,0.8,0.7,0.7,1.8,6.0,14.2,0.584,0.594,0.175,4.5,19.2,11.9,10.2,2.4,3.7,11.5,15.6,0.7,1.2,1.9,0.7
12196094,SG,29,65,10,23.5,3.7,1.6,2.0,1.1,2.7,2.7,1.1,0.3,1.3,1.8,10.1,12.3,0.555,0.529,0.146,2.9,9.9,6.3,15.8,2.2,1.2,12.7,18.4,0.6,1.1,1.8,0.3
12119440,PG,23,61,59,31.9,8.35,1.5,6.8999999999999995,3.8750000000000004,5.9,6.049999999999999,1.1,0.3,3.0,1.6,23.099999999999998,23.3,0.557,0.247,0.409,3.3,16.1,9.7,33.825,1.6,0.7,12.6,31.424999999999997,3.4,2.6,6.0,2.1500000000000004
11710528,SG,35,11,0,12.5,2.0,1.5,0.5,0.1,1.3,0.5,0.5,0.3,0.9,1.5,5.5,10.8,0.617,0.755,0.02,2.5,9.1,5.8,6.1,2.2,2.0,16.8,18.9,0.0,0.2,0.2,0.0
11500000,SG,31,63,9,21.1,3.2,1.5,1.7,0.4,2.4,1.5,0.6,0.2,0.7,1.5,8.3,10.2,0.544,0.555,0.073,1.8,11.2,6.5,10.2,1.3,0.7,8.2,16.8,0.5,1.2,1.6,0.0
11457217,PG,32,68,40,24.4,3.9,1.4,2.5,1.0,2.1,3.4,0.7,0.1,1.7,1.7,10.2,10.0,0.514,0.45,0.122,1.7,8.0,4.9,20.0,1.4,0.3,14.6,20.8,-0.6,1.2,0.6,-0.8
11400000,SF,27,73,73,30.3,5.4,2.0,3.4,1.6,3.3,2.6,0.9,0.2,1.4,3.3,14.3,9.4,0.494,0.443,0.155,2.2,9.5,5.8,11.7,1.4,0.7,8.9,21.8,-0.8,2.4,1.6,-1.1
11215260,C,29,42,1,8.3,1.3,0.1,1.2,0.4,1.9,0.2,0.1,0.3,0.3,1.2,3.1,12.9,0.668,0.09,0.213,9.6,16.6,13.1,3.5,0.4,2.8,12.6,13.7,0.6,0.3,0.8,-0.1
11080125,C,31,76,64,19.2,2.6,0.0,2.6,1.5,4.1,0.9,0.6,0.3,0.9,2.8,6.7,15.5,0.738,0.019,0.5935,11.8,13.3,12.5,6.9,1.6,1.6,15.9,12.6,3.8,1.3,5.1,0.3
11055120,PF,20,72,72,33.8,6.7,1.2,5.5,3.8750000000000004,6.9,3.7,0.8,0.5,2.8,2.2,20.0,14.9,0.529,0.254,0.476,3.9,19.3,11.6,17.2,1.2,1.5,12.8,27.5,-0.3,2.6,2.4,0.3
10900634,SG,22,73,73,33.9,7.0,1.7,5.3,3.8750000000000004,5.0,2.8,0.4,0.2,2.2,2.5,19.6,12.9,0.531,0.332,0.333,2.7,13.7,8.2,12.4,0.6,0.6,10.8,26.2,0.5,1.8,2.2,-0.7
10843350,PF,27,70,22,26.0,5.7,1.4,4.3,1.4,8.4,1.5,0.4,0.2,1.2,1.6,14.1,17.8,0.575,0.32,0.156,9.2,28.6,19.3,8.7,0.8,0.7,8.6,21.7,2.5,2.8,5.3,1.2
10733758,C,34,39,8,15.0,2.3,0.0,2.2,0.6,5.2,0.9,0.3,0.6,1.2,1.8,5.1,14.7,0.731,0.009,0.417,10.5,28.6,19.8,7.7,1.0,3.5,23.25,13.7,0.5,0.9,1.4,0.0
10733400,SG,21,79,79,36.0,8.35,2.7,6.3,3.8750000000000004,5.8,4.4,1.55,0.7,3.0,2.4,23.099999999999998,17.4,0.564,0.375,0.274,1.9,15.9,9.0,19.3,2.1,1.8,13.0,29.9,0.2,3.6,3.8,2.1
10714287,C,25,35,20,23.5,3.6,0.0,3.6,0.7,8.3,1.4,0.6,1.1,1.0,1.9,8.0,19.8,0.7389999999999999,0.006,0.241,14.0,24.5,19.3,8.5,1.3,4.824999999999999,15.3,11.8,2.3,1.6,3.8,1.1
10552800,PG,21,12,12,33.3,7.8,1.4,6.3,3.0,6.2,6.0,0.8,0.6,3.0,2.8,19.9,14.0,0.492,0.272,0.192,3.2,17.7,10.3,30.7,1.2,1.5,13.8,30.0,-0.4,0.2,-0.1,0.1
10300000,C,24,49,7,15.7,2.4,1.0,1.4,0.8,4.6,0.9,0.3,0.9,0.6,2.1,6.6,15.7,0.602,0.515,0.257,8.5,24.2,16.4,8.7,0.8,4.824999999999999,10.1,16.6,1.1,1.1,2.2,0.5
10260000,SG,22,65,20,20.2,4.0,0.9,3.1,1.9,3.2,3.8,0.6,0.4,1.9,1.7,10.7,13.7,0.508,0.331,0.274,3.4,13.7,8.6,27.4,1.5,1.9,15.5,25.9,-0.3,1.1,0.8,0.2
10183800,PF,32,18,3,18.9,2.5,1.3,1.2,0.6,3.8,1.5,0.7,0.3,0.4,1.5,6.9,14.6,0.624,0.585,0.128,5.4,15.3,10.6,10.6,1.7,1.4,6.6,13.2,0.7,0.5,1.2,0.3
10123457,C,25,76,76,28.6,4.3,0.0,4.3,2.2,8.4,1.0,0.4,1.1,1.5,2.9,10.8,16.7,0.661,0.004,0.463,12.3,26.5,19.5,5.1,0.7,4.0,15.9,14.8,3.8,2.9,6.7,0.6
10012800,SF,31,78,55,30.3,2.5,1.9,0.5,0.3,3.6,1.4,0.7,0.2,0.5,2.1,7.2,7.7,0.577,0.845,0.079,1.6,12.5,7.0,6.2,1.1,0.5,6.9,10.0,1.3,1.4,2.8,-0.4
10012800,SG,31,51,8,22.0,3.9,1.9,2.0,3.0,3.1,2.2,0.7,0.2,1.1,1.9,12.8,16.5,0.602,0.521,0.41,1.8,14.2,7.8,15.9,1.6,0.6,9.7,22.8,1.9,0.6,2.5,0.9
9835881,SF,25,67,67,31.7,5.7,1.5,4.2,2.6,4.2,1.4,0.5,0.3,1.2,3.0,15.4,11.5,0.563,0.348,0.252,2.3,12.4,7.3,6.0,0.8,0.7,8.2,19.7,1.4,1.2,2.5,-0.7
9603360,C,21,45,22,19.3,4.2,0.1,4.1,1.5,5.9,0.7,0.2,0.6,1.1,2.4,10.0,15.6,0.589,0.059,0.286,9.2,25.2,17.0,5.5,0.4,2.7,11.8,21.2,0.7,0.7,1.4,-0.3
9500000,SG,25,40,9,20.2,2.8,1.9,1.0,1.1,1.7,2.3,0.7,0.1,0.9,1.5,8.7,10.9,0.537,0.663,0.17,1.5,7.9,4.6,15.7,1.6,0.6,10.0,18.9,0.5,0.7,1.2,0.1
9472219,SG,24,77,0,22.3,4.6,1.9,2.8,2.4,2.6,3.9,0.6,0.3,1.9,1.6,13.5,16.6,0.587,0.5,0.26,2.1,11.3,6.7,25.0,1.4,1.0,14.1,25.8,2.1,1.2,3.2,1.0
9441840,SG,20,76,76,34.2,7.4,2.5,5.0,3.8750000000000004,3.7,3.7,0.8,0.2,2.6,1.7,22.1,14.5,0.538,0.408,0.341,1.8,10.3,6.0,17.3,1.1,0.7,11.3,28.1,1.4,0.5,1.8,0.0
9398148,C,27,72,71,26.5,5.4,0.0,5.4,1.7,8.4,2.7,0.9,1.1,1.7,2.7,12.5,21.0,0.635,0.002,0.325,13.0,25.5,19.0,15.2,1.7,4.0,15.0,18.2,3.7,2.2,6.0,1.9
9391069,C,28,17,4,11.5,0.8,0.1,0.7,0.5,2.7,0.6,0.9,0.6,0.8,1.9,2.1,7.9,0.424,0.056,0.333,5.6,21.0,13.1,6.7,2.75,4.5,23.25,12.0,-0.3,0.3,0.0,-0.1
9200000,SF,29,76,53,31.7,3.0,2.1,0.9,0.7,5.1,3.7,0.9,0.6,1.5,3.1,8.8,9.2,0.538,0.707,0.116,2.6,15.0,9.0,15.3,1.3,1.7,15.5,13.6,0.4,2.5,2.9,0.5
9125000,PG,27,62,61,27.3,4.0,1.3,2.7,1.0,3.4,5.3,0.7,0.2,1.0,1.2,10.3,15.0,0.579,0.396,0.15,1.8,11.6,6.9,26.4,1.2,0.6,9.9,15.6,3.1,1.1,4.2,1.1
9080417,C,32,79,60,26.0,4.2,0.0,4.2,2.5,8.4,3.1,0.6,0.6,1.5,2.7,10.8,19.6,0.689,0.0,0.5935,11.8,25.1,18.4,17.3,1.1,2.0,15.8,15.2,4.5,2.4,7.9,2.1500000000000004
9030000,PG,28,67,36,23.5,1.9,0.8,1.1,0.9,2.9,2.9,1.5,0.7,1.1,2.4,5.6,11.5,0.588,0.528,0.255,3.1,10.9,7.1,15.4,2.75,2.8,19.5,11.1,1.0,2.6,3.6,1.2
9000000,PF,31,37,5,25.1,2.1,1.1,1.0,0.7,3.6,1.4,0.3,0.8,0.7,2.3,5.9,8.7,0.592,0.663,0.225,3.7,13.3,8.4,7.5,0.6,2.9,12.7,10.3,0.7,0.6,1.3,0.0
8925000,SG,27,72,70,27.4,3.4,2.0,1.4,1.6,3.3,2.3,0.9,0.2,1.0,1.6,10.4,12.3,0.612,0.657,0.226,3.4,9.0,6.3,10.9,1.5,0.6,10.5,14.6,2.8,2.2,5.1,1.0
8920794,PG,23,69,69,35.5,7.6,2.4,5.1,3.8750000000000004,2.7,6.049999999999999,1.2,0.1,2.9,2.1,21.6,18.8,0.587,0.365,0.284,1.3,7.6,4.5,33.825,1.7,0.3,13.5,26.9,4.5,3.0,7.6,2.1500000000000004
8854879,C,24,82,8,19.8,2.1,0.1,2.0,0.6,6.5,1.2,0.6,0.8,0.8,2.6,5.0,14.2,0.567,0.113,0.217,14.1,22.2,18.1,8.3,1.6,3.7,15.6,11.2,2.2,2.4,4.6,0.7
8780488,PF,29,69,46,28.4,3.7,0.6,3.0,1.4,5.3,4.9,1.1,0.9,1.5,2.1,9.4,14.8,0.583,0.212,0.275,3.8,16.9,10.5,22.6,1.9,2.8,15.7,14.4,2.5,2.6,5.1,2.1500000000000004
8750000,SG,30,42,2,26.3,3.8,1.7,2.1,1.4,3.0,3.5,1.4,0.3,2.1,2.4,10.7,10.6,0.513,0.526,0.196,1.6,12.3,6.8,19.8,2.6,1.1,16.6,21.1,-0.9,1.5,0.6,0.0
8694369,C,30,7,1,15.6,3.0,0.3,2.7,0.7,3.1,1.3,0.3,0.9,0.4,1.0,7.0,14.2,0.497,0.25,0.273,7.1,15.2,11.2,12.2,0.9,4.7,5.7,20.1,0.0,0.1,0.1,0.0
8623920,PG,21,36,36,35.2,8.2,3.3,4.2,2.8,6.4,6.049999999999999,1.3,0.3,3.0,3.3,23.099999999999998,17.9,0.541,0.531,0.169,3.5,16.2,9.7,33.825,1.7,0.8,14.3,30.0,0.6,1.2,1.8,1.4
8496653,SG,32,61,7,19.9,3.4,1.5,1.9,0.8,1.6,1.6,0.6,0.1,0.8,1.6,9.2,12.3,0.593,0.517,0.122,1.2,7.9,4.6,11.9,1.5,0.5,9.7,19.2,0.9,0.9,1.8,0.0
8478720,PF,21,79,79,34.4,6.6,0.3,6.4,2.6,8.4,2.8,0.8,1.1,1.8,2.8,16.2,17.9,0.591,0.108,0.321,8.1,22.7,15.4,12.4,1.1,4.0,11.9,20.2,3.7,4.05,8.425,2.1500000000000004
8300000,SG,30,22,1,16.7,1.9,0.6,1.3,0.3,3.1,1.4,1.0,0.2,0.7,2.0,4.6,13.3,0.701,0.377,0.101,7.4,13.9,10.6,11.0,2.75,1.2,18.2,10.3,0.6,0.4,1.0,0.2
8283688,C,33,38,1,11.2,2.0,0.3,1.7,0.9,3.5,0.7,0.2,0.5,0.7,2.0,5.2,15.5,0.577,0.258,0.325,9.1,28.3,18.5,9.5,1.1,4.4,12.7,20.6,0.3,0.7,1.0,0.0
8250000,SG,24,77,58,27.9,3.6,2.0,1.6,0.9,4.1,2.6,1.55,0.5,1.3,2.5,10.1,12.7,0.566,0.619,0.134,3.9,13.1,8.6,12.9,2.75,1.8,12.9,16.4,1.1,3.1,4.2,1.6
8200000,PF,32,57,1,14.0,2.4,0.7,1.6,0.9,3.6,0.9,0.4,0.4,0.9,1.8,6.4,15.5,0.65,0.44,0.266,10.1,18.0,14.1,8.9,1.5,2.5,15.6,17.5,1.2,1.0,2.2,0.3
8008440,SF,22,80,78,29.8,4.4,2.6,1.9,0.8,4.6,1.2,0.8,0.5,0.8,2.0,12.2,12.3,0.597,0.641,0.104,4.3,13.4,8.9,5.5,1.2,1.5,6.8,15.8,2.6,1.7,4.3,0.8
8000000,C,26,82,70,23.9,3.0,0.0,3.0,1.1,8.4,2.5,0.6,0.6,0.5,2.7,7.0,17.8,0.639,0.003,0.404,14.6,26.8,21.125,13.8,1.3,2.2,9.1,10.6,4.5,2.8,8.425,2.0
8000000,PF,34,54,9,14.7,2.0,0.1,1.9,0.3,3.1,1.4,1.0,0.1,0.8,1.6,4.4,14.1,0.573,0.172,0.131,9.4,14.6,11.8,12.9,2.75,0.6,16.7,13.5,0.7,1.1,1.8,0.4
7804878,PG,30,50,14,24.4,2.8,0.8,1.9,1.0,3.6,3.9,1.55,0.3,0.9,1.2,7.4,16.3,0.581,0.409,0.206,5.5,10.7,8.2,20.9,2.75,1.2,12.2,12.9,2.1,1.6,3.7,1.7
7775400,PF,21,82,65,28.3,3.8,1.4,2.4,1.1,4.0,1.2,0.9,0.9,1.2,1.8,10.2,11.2,0.576,0.409,0.155,3.9,12.0,8.0,5.8,1.5,2.9,12.3,15.7,0.5,3.0,3.5,0.4
7644600,SF,21,77,76,34.8,6.0,0.8,5.2,2.5,6.6,4.8,1.1,0.8,2.0,2.2,15.3,15.5,0.524,0.22,0.242,7.1,15.2,10.8,20.0,1.5,2.2,12.0,20.3,2.3,2.7,5.0,1.6
7426088,SF,27,77,2,20.1,3.1,1.5,1.6,1.0,2.3,1.5,0.5,0.1,0.7,1.6,8.7,12.0,0.579,0.589,0.204,1.9,11.5,6.7,10.6,1.1,0.7,8.3,18.2,1.4,1.9,3.3,0.5
7413955,SG,22,74,2,23.4,3.6,1.7,1.8,0.8,2.9,2.8,0.7,0.1,1.0,1.6,9.7,12.5,0.572,0.579,0.118,1.1,12.6,6.9,16.3,1.5,0.3,10.6,17.9,1.2,1.9,3.1,0.5
7350000,C,25,63,26,22.9,4.5,0.9,3.6,1.7,6.4,2.9,0.6,0.8,2.0,3.2,11.6,16.4,0.599,0.268,0.259,8.5,22.5,15.2,18.0,1.2,2.8,17.4,21.2,1.2,1.0,2.2,0.6
7252200,SG,20,74,73,31.1,5.5,1.6,3.9,3.6,3.9,5.2,0.8,0.2,3.0,3.3,16.3,12.1,0.528,0.356,0.362,3.4,10.7,6.9,26.2,1.3,0.7,17.2,25.4,-0.9,0.8,0.0,-0.7
7100000,PF,28,54,4,22.1,3.3,1.4,1.9,1.2,2.4,1.6,0.5,0.3,1.3,2.3,9.1,10.0,0.597,0.512,0.203,1.4,10.8,6.2,9.6,1.1,1.1,14.3,17.3,0.3,1.0,1.3,-0.4
7065217,SF,27,31,7,21.8,3.5,0.4,3.1,1.6,3.8,2.7,0.7,0.2,1.5,3.4,9.1,12.2,0.546,0.201,0.301,6.6,12.6,9.6,18.2,1.5,1.0,15.3,18.8,0.4,0.3,0.7,-0.3
7040880,SF,22,76,46,21.7,2.3,0.8,1.5,1.0,2.5,1.1,0.7,0.4,0.6,2.1,6.4,10.7,0.614,0.483,0.291,3.7,9.6,6.7,7.0,1.7,1.7,9.5,11.9,1.9,2.3,4.2,0.7
7000000,SF,27,7,0,19.1,2.0,0.4,1.6,0.6,3.4,1.6,0.6,0.1,0.3,1.9,5.0,8.7,0.448,0.389,0.194,6.2,13.0,9.5,11.0,1.4,0.6,4.9,12.9,0.0,0.1,0.1,-0.1
6922320,SG,21,53,19,23.5,3.5,1.2,2.3,1.6,3.0,2.9,1.3,0.5,1.8,2.3,9.9,12.5,0.528,0.455,0.268,5.0,9.6,7.3,18.0,2.6,2.1,15.9,20.3,-0.2,1.5,1.4,0.3
6803012,C,22,47,2,13.0,1.8,0.1,1.8,1.2,2.8,0.7,0.4,0.4,0.7,1.4,5.0,13.7,0.605,0.186,0.532,7.3,17.3,12.3,7.7,1.6,3.0,13.9,15.7,0.6,0.9,1.5,0.1
6667500,C,30,20,0,8.1,1.0,0.1,0.9,0.2,1.3,0.4,0.3,0.3,0.4,1.2,2.2,9.4,0.629,0.063,0.156,5.2,12.8,8.7,5.8,1.5,3.0,19.0,11.1,0.1,0.2,0.2,-0.1
6586800,SG,20,78,17,28.5,5.3,1.3,4.0,3.8750000000000004,4.1,1.5,0.6,0.2,1.9,2.1,16.7,13.1,0.566,0.326,0.477,4.4,11.5,7.9,7.6,1.0,0.5,11.7,24.6,1.0,0.8,1.8,-1.0
6479000,SF,26,80,31,28.5,4.5,1.1,3.3,1.5,4.1,3.4,1.1,0.6,1.5,2.4,11.5,13.3,0.571,0.343,0.206,3.3,13.0,8.3,15.7,1.9,2.0,13.2,17.8,1.7,2.6,4.3,0.9
6479000,SF,27,71,49,29.3,3.6,1.2,2.4,1.3,4.8,1.6,1.0,0.4,1.1,2.0,9.6,11.4,0.571,0.431,0.206,4.8,15.0,9.7,8.2,1.7,1.5,11.5,14.4,1.2,2.5,3.7,0.4
6479000,SF,35,46,0,22.7,2.3,1.8,0.5,0.4,2.8,3.3,0.7,0.1,1.2,1.6,6.9,10.7,0.616,0.819,0.085,1.4,11.1,6.4,18.4,1.5,0.5,17.6,12.6,1.1,1.2,2.3,0.3
6395160,C,22,80,18,23.1,4.0,0.1,3.9,1.9,7.2,1.0,0.7,1.1,1.0,3.1,9.9,19.4,0.678,0.026,0.394,12.7,21.5,17.0,5.8,1.4,4.824999999999999,12.2,15.1,4.5,2.4,7.1,1.3
6287400,PF,20,76,76,31.1,7.1,1.0,6.1,1.4,7.9,6.049999999999999,0.8,0.4,2.8,1.9,16.6,17.1,0.533,0.209,0.13,6.6,20.9,13.6,29.9,1.1,1.2,15.1,24.6,1.3,2.7,4.0,1.9
6263188,PF,24,63,9,23.3,4.5,0.8,3.7,1.4,4.5,0.9,0.3,0.4,0.8,1.1,11.2,13.2,0.556,0.274,0.204,4.1,16.5,10.5,5.8,0.6,1.5,7.7,20.2,0.6,1.3,1.8,-0.1
6184500,PF,36,56,0,14.6,1.9,0.6,1.4,0.8,2.9,1.0,0.3,0.3,0.7,1.2,5.2,9.0,0.475,0.453,0.171,4.4,17.0,10.8,9.4,1.1,1.9,10.7,17.7,-0.4,0.7,0.3,-0.4
6025000,PG,27,81,39,22.3,3.0,1.8,1.2,0.4,2.5,2.4,0.8,0.4,1.0,2.0,8.0,10.9,0.56,0.596,0.067,2.1,9.3,5.8,14.5,1.7,1.3,11.8,15.3,1.2,2.3,3.5,0.6
6012960,SG,19,80,15,22.2,3.8,1.3,2.6,0.9,3.0,1.2,0.5,0.3,1.0,1.7,9.9,11.5,0.568,0.437,0.162,4.0,11.3,7.6,7.9,1.0,1.2,10.7,19.0,0.6,0.6,1.2,-0.6
6000000,PG,28,48,15,20.2,3.9,1.4,2.5,1.0,2.2,4.5,0.7,0.2,1.7,1.8,10.3,13.2,0.512,0.408,0.141,1.3,11.0,6.1,32.6,1.7,0.7,14.4,24.8,0.0,1.0,1.1,0.2
5987975,SF,33,46,2,15.3,1.7,1.0,0.7,0.1,1.2,0.9,0.4,0.4,0.5,1.5,4.5,6.6,0.494,0.701,0.039,0.8,8.1,4.4,7.5,1.3,2.3,9.6,14.1,-0.4,0.5,0.1,-0.3
5954454,SF,23,40,20,24.8,3.5,1.1,2.4,1.6,2.2,1.4,1.0,0.4,1.2,1.8,9.7,10.6,0.561,0.462,0.24,2.0,8.1,5.0,8.1,1.9,1.3,12.0,17.1,0.3,0.7,0.9,-0.4
5887899,PF,26,42,41,28.5,5.3,2.5,2.9,2.4,4.4,1.9,1.2,0.3,0.9,2.0,15.5,17.1,0.617,0.538,0.253,3.2,14.0,8.6,9.6,2.0,1.0,6.6,20.6,2.1,1.4,3.5,1.4
5853659,PG,32,33,2,17.2,1.8,0.6,1.2,0.8,2.1,3.5,0.8,0.2,0.9,1.5,5.2,10.4,0.442,0.461,0.197,1.9,12.7,7.3,27.1,2.3,1.0,13.8,17.7,-0.2,0.9,0.7,-0.1
5837760,PG,21,76,56,28.3,4.0,1.1,3.0,1.2,2.9,6.049999999999999,1.4,0.4,2.3,2.9,10.3,10.2,0.455,0.351,0.137,1.4,10.2,5.7,32.3,2.3,1.1,16.7,20.5,-1.9,1.4,-0.5,-1.0
5739840,PF,20,67,16,20.8,3.9,0.8,3.1,1.3,3.4,1.9,0.6,0.5,1.4,2.3,9.9,13.3,0.597,0.294,0.278,5.6,12.5,9.1,12.7,1.4,2.0,14.6,19.6,1.0,1.4,2.4,0.1
5728393,SF,30,61,33,23.7,2.7,1.8,0.9,0.4,4.6,1.3,0.6,0.2,0.5,1.1,7.6,10.0,0.531,0.765,0.097,3.8,16.2,10.2,6.9,1.2,0.6,7.0,13.8,0.7,1.8,2.5,0.3
5722116,SG,23,67,67,34.9,7.3,3.0,4.2,2.5,5.4,4.2,0.8,0.2,2.4,1.5,20.1,15.3,0.566,0.484,0.164,1.3,17.3,9.0,19.9,1.1,0.7,11.7,25.6,1.1,2.4,3.5,1.6
5634257,SG,23,43,21,19.6,2.8,0.4,2.4,0.9,2.7,1.2,0.6,0.3,0.7,1.6,6.9,10.4,0.524,0.236,0.216,7.1,7.7,7.4,7.9,1.3,1.3,9.6,15.4,0.3,0.2,0.5,-0.5
5508600,PG,19,59,11,17.7,1.5,0.5,1.0,0.4,3.2,2.3,0.7,0.2,1.0,1.7,3.8,8.8,0.503,0.413,0.192,3.9,16.5,10.2,16.4,2.0,1.0,20.2,11.6,-0.1,1.4,1.3,0.0
5461219,C,35,42,7,8.5,1.9,0.0,1.9,0.6,2.5,0.3,0.1,0.6,0.9,1.3,4.4,17.2,0.65,0.04,0.328,9.7,25.5,17.5,5.2,0.6,4.824999999999999,20.1,22.8,0.1,0.5,0.6,-0.1
5377520,C,23,38,1,12.0,1.8,0.2,1.7,0.6,3.6,1.0,0.4,0.7,0.6,1.7,4.4,17.1,0.582,0.208,0.336,14.6,18.7,16.8,12.1,1.7,4.824999999999999,13.3,15.4,0.8,0.6,1.3,0.3
5348280,PF,24,67,5,15.7,2.8,1.3,1.5,0.6,2.8,1.0,0.3,0.2,0.6,1.0,7.4,13.6,0.565,0.589,0.112,3.0,16.6,9.8,9.2,1.1,1.1,8.0,19.5,1.1,1.0,2.1,0.4
5258280,SF,21,80,80,32.6,6.8,1.6,5.2,3.4,4.1,3.5,1.0,0.2,2.1,2.3,18.6,15.9,0.589,0.322,0.288,3.0,11.2,7.1,17.2,1.4,0.6,11.7,23.5,3.1,2.3,5.4,1.3
5250000,SG,27,70,2,13.8,2.7,1.1,1.6,0.5,1.6,1.3,0.4,0.1,0.9,0.9,7.1,11.1,0.53,0.496,0.091,1.8,10.3,6.2,13.8,1.4,0.6,12.4,23.7,-0.6,0.8,0.2,-0.4
5200000,SF,24,56,0,17.8,3.8,0.1,3.8,1.6,3.5,1.0,0.9,0.3,1.3,2.2,9.3,15.7,0.593,0.056,0.395,6.2,15.7,10.8,9.2,2.6,1.4,13.9,21.8,0.4,0.9,1.3,0.1
5155500,PG,31,62,2,19.8,2.4,1.1,1.3,0.9,1.7,3.5,0.5,0.1,0.9,1.4,6.9,12.1,0.558,0.513,0.205,1.8,7.9,4.8,25.4,1.3,0.6,12.8,15.2,1.5,0.3,1.8,0.2
5155500,SG,36,25,0,6.5,0.7,0.4,0.3,0.1,0.7,0.5,0.4,0.1,0.2,0.6,2.0,10.5,0.535,0.578,0.089,3.5,8.4,5.9,10.6,2.7,1.2,7.9,13.4,0.1,0.2,0.3,0.0
5121951,PF,32,79,60,24.7,2.9,1.3,1.6,0.4,5.4,1.5,0.6,0.8,0.9,2.3,7.4,11.6,0.566,0.506,0.09,8.1,16.3,12.1,7.9,1.3,2.9,12.3,13.0,1.5,2.5,4.0,0.7
5063520,PF,19,56,53,26.0,4.5,0.6,3.9,1.4,5.3,2.5,0.8,0.4,1.7,2.5,11.0,11.4,0.509,0.243,0.21,6.9,15.6,11.0,13.6,1.4,1.3,13.9,19.8,-0.5,0.7,0.2,-0.7
5009633,SG,24,59,3,15.0,2.2,1.0,1.2,0.7,1.7,1.8,0.5,0.4,0.9,1.5,6.2,11.6,0.565,0.539,0.203,1.9,10.5,6.3,16.7,1.7,2.0,14.6,17.9,0.3,0.8,1.1,0.2
5000000,SG,25,37,0,9.5,1.3,0.5,0.8,0.7,1.1,0.6,0.3,0.1,0.6,0.5,3.8,9.3,0.552,0.414,0.324,2.0,11.8,7.0,8.8,1.4,0.8,15.9,19.1,-0.2,0.3,0.1,-0.2
4916160,SF,22,76,40,26.6,3.3,0.9,2.4,1.6,6.4,2.8,0.9,0.4,1.6,2.8,9.2,11.2,0.535,0.401,0.285,4.2,21.9,13.4,13.9,1.6,1.2,15.9,16.7,0.0,2.3,2.3,-0.1
4833600,PG,24,80,9,18.1,2.3,0.8,1.5,0.3,1.3,2.3,0.6,0.2,0.8,1.4,5.6,9.4,0.545,0.494,0.078,1.3,7.0,4.1,16.5,1.5,0.9,13.1,14.1,0.7,0.8,1.5,-0.3
4810320,SG,20,28,5,15.1,2.4,0.6,1.8,0.5,2.3,1.0,0.4,0.3,0.6,1.7,5.8,7.2,0.446,0.409,0.158,2.7,13.9,8.5,9.2,1.2,1.6,8.5,20.5,-0.6,0.3,-0.3,-0.6
4728948,SG,25,45,2,18.1,2.6,0.8,1.8,0.8,1.7,3.0,0.5,0.1,0.7,1.4,6.9,12.8,0.594,0.372,0.169,1.0,9.4,5.3,22.1,1.3,0.5,10.3,14.9,1.4,0.7,2.1,0.3
4670160,C,22,68,31,18.8,3.6,0.8,2.8,1.5,5.8,1.0,0.3,0.9,1.1,2.3,9.4,15.9,0.565,0.376,0.27,11.2,22.9,17.1,7.6,0.8,4.0,11.2,21.0,1.1,1.1,2.3,0.0
4591680,SF,21,37,4,15.2,2.3,0.7,1.6,0.5,2.1,0.9,0.4,0.2,1.0,1.6,5.7,7.4,0.511,0.495,0.112,3.0,11.9,7.5,8.2,1.2,1.0,15.2,18.0,-0.5,0.6,0.1,-0.5
4569840,PF,19,39,1,14.6,1.9,0.7,1.3,0.4,2.7,1.2,0.4,0.2,0.7,1.1,4.9,9.3,0.505,0.541,0.127,3.5,16.5,9.9,10.7,1.2,1.1,12.0,15.9,-0.1,0.6,0.4,-0.2
4500000,PF,36,56,4,19.5,2.9,0.5,2.3,1.6,2.6,1.2,0.3,0.3,0.8,1.8,7.8,11.0,0.576,0.317,0.357,4.1,10.9,7.6,8.3,0.8,1.4,10.8,17.0,0.8,0.8,1.7,-0.4
4500000,SG,26,72,36,26.3,3.3,2.1,1.2,0.8,4.5,3.5,1.3,0.1,1.6,1.8,9.4,12.8,0.593,0.7,0.131,4.7,14.0,9.4,17.3,2.4,0.5,16.4,15.1,1.9,2.3,4.2,1.3
4437000,SG,22,38,32,31.0,6.9,2.7,4.2,2.1,3.9,3.6,1.1,0.4,1.5,1.5,18.5,15.5,0.55,0.447,0.168,0.7,13.5,6.9,17.3,1.7,1.2,8.2,24.4,0.7,0.5,1.2,0.7
4379526,SF,25,71,28,16.9,1.5,0.8,0.8,0.3,2.0,0.7,1.2,0.5,0.3,1.6,4.1,10.5,0.552,0.585,0.111,3.9,9.7,6.8,5.9,2.75,2.4,8.3,10.6,0.6,1.5,2.1,0.4
4374000,PF,23,78,65,24.1,3.2,0.4,2.8,1.2,7.5,2.4,1.1,0.3,1.2,2.4,7.9,15.1,0.604,0.2,0.308,10.0,23.2,16.7,13.1,2.1,0.9,15.9,13.6,2.7,2.5,5.2,1.5
4362240,SG,22,34,0,15.1,2.0,1.0,1.1,0.6,2.1,1.2,0.4,0.1,0.9,1.4,5.6,6.2,0.463,0.565,0.155,1.6,13.5,7.5,11.1,1.3,0.8,13.4,19.5,-0.8,0.4,-0.4,-0.6
4343919,PF,26,56,8,19.5,4.1,0.0,4.1,1.8,5.5,1.3,0.6,0.7,1.0,2.3,10.0,20.0,0.682,0.017,0.393,9.0,21.2,15.1,9.5,1.5,3.1,11.8,17.7,2.7,1.8,4.5,1.3
4341480,SG,21,75,62,30.3,5.5,1.0,4.5,2.1,4.5,3.3,1.4,0.5,1.6,2.5,14.1,15.6,0.601,0.258,0.241,3.9,12.2,7.9,15.4,2.1,1.4,12.3,18.4,3.0,2.6,5.6,1.3
4306281,PF,24,79,23,25.9,2.7,1.5,1.3,1.2,4.6,1.7,0.5,0.4,1.0,2.4,8.1,10.3,0.605,0.611,0.256,4.7,14.5,9.7,8.4,1.0,1.3,13.4,13.1,1.9,2.6,4.4,0.5
4264628,C,22,43,1,14.3,1.9,0.5,1.5,0.9,3.2,0.9,0.5,0.8,0.6,1.0,5.2,13.1,0.524,0.29,0.383,5.8,18.5,12.1,8.3,1.7,4.824999999999999,11.2,16.4,0.1,0.9,1.0,0.2
4215120,PG,22,56,56,33.6,7.4,2.9,4.5,3.1,3.7,6.049999999999999,1.55,0.4,2.5,1.2,20.7,23.6,0.624,0.478,0.239,1.9,10.1,6.0,33.825,2.3,1.1,13.2,23.8,4.5,1.2,7.6,2.1500000000000004
4171548,SF,22,54,4,18.1,2.5,1.1,1.4,0.6,2.6,0.9,0.4,0.4,0.7,1.2,6.6,10.2,0.555,0.521,0.152,3.2,13.5,8.3,7.3,1.0,1.8,10.0,16.0,0.2,0.4,0.7,-0.3
4124280,C,19,67,31,24.9,3.9,0.0,3.9,1.4,8.4,1.1,0.7,0.9,1.4,2.7,9.1,17.3,0.655,0.005,0.394,14.6,25.1,19.7,6.8,1.3,3.1,16.5,14.3,2.9,1.6,4.5,0.5
4105236,C,33,31,1,11.5,1.5,0.7,0.8,0.3,3.5,1.7,0.1,0.5,1.0,1.8,3.9,9.9,0.493,0.641,0.111,7.9,25.4,16.3,19.4,0.5,3.2,20.7,17.9,-0.2,0.2,0.0,-0.2
4097561,PF,26,29,11,26.8,2.8,0.5,2.3,0.7,5.0,3.4,1.0,0.4,1.5,3.1,6.8,9.3,0.466,0.227,0.141,7.2,14.3,10.7,17.2,1.9,1.3,17.0,14.2,-0.1,0.5,0.4,-0.2
4037277,SF,26,3,0,3.3,0.7,0.3,0.3,0.0,0.0,0.3,0.3,0.0,0.3,0.0,1.7,19.0,0.7389999999999999,0.667,0.0,0.0,0.0,0.0,15.2,2.75,0.0,23.25,17.9,0.0,0.0,0.0,0.0
4022164,SF,26,30,0,15.6,2.2,0.6,1.6,0.9,3.2,2.2,0.5,0.2,1.1,1.6,5.8,13.5,0.625,0.328,0.32,4.9,17.7,11.1,19.0,1.6,1.1,19.2,15.2,0.5,0.3,0.7,0.1
4000000,PG,36,46,1,18.1,1.7,0.7,1.0,0.9,1.8,2.4,0.6,0.1,0.7,1.2,5.0,10.6,0.61,0.572,0.331,2.0,8.6,5.4,16.7,1.5,0.6,15.2,11.3,1.1,0.8,1.9,0.1
4000000,SG,25,64,5,13.1,2.4,1.4,1.0,0.5,2.2,1.0,0.7,0.2,0.8,1.6,6.7,12.9,0.563,0.668,0.118,2.7,16.1,9.4,11.1,2.4,1.2,12.2,22.2,0.0,0.9,0.9,0.1
3936960,SF,25,46,12,19.5,2.7,1.2,1.5,1.3,2.5,1.4,0.5,0.2,0.9,1.4,7.9,8.6,0.496,0.523,0.216,2.4,11.9,7.1,9.7,1.3,0.9,10.1,19.0,-0.5,0.4,0.0,-0.6
3918600,C,29,26,2,6.2,0.6,0.0,0.6,0.4,2.3,0.5,0.2,0.4,0.6,1.1,1.7,12.8,0.58,0.067,0.533,14.6,25.4,21.125,9.3,1.2,4.824999999999999,23.25,14.1,0.1,0.2,0.3,-0.1
3918360,SG,22,59,22,20.5,2.8,1.4,1.4,0.9,2.1,1.1,0.3,0.3,0.7,1.7,7.9,9.5,0.561,0.591,0.179,3.9,6.9,5.4,7.5,0.6,1.0,9.0,15.8,0.9,0.4,1.3,-0.3
3901399,PG,23,82,43,30.0,6.7,2.6,4.1,3.8750000000000004,2.7,4.5,0.8,0.3,3.0,2.6,20.4,14.6,0.573,0.498,0.325,1.5,8.5,5.0,22.5,1.2,0.8,14.7,29.2,1.4,1.9,3.2,0.1
3873024,SF,23,63,63,32.7,8.0,2.1,5.9,3.8750000000000004,5.0,2.9,0.7,0.2,2.1,2.0,22.0,15.3,0.551,0.366,0.294,2.9,14.4,8.4,13.7,1.1,0.4,9.6,27.9,0.7,0.5,1.3,0.1
3841067,PF,35,18,1,9.0,1.2,0.2,1.1,0.2,1.7,0.8,0.4,0.3,0.4,1.8,2.8,8.4,0.486,0.306,0.163,2.7,17.8,10.3,12.6,2.1,3.2,13.2,15.7,-0.1,0.2,0.1,-0.1
3804360,SF,23,73,60,24.9,3.5,1.6,1.9,1.6,3.8,1.3,0.8,0.5,1.0,3.2,10.1,10.5,0.566,0.532,0.241,3.8,13.1,8.5,7.4,1.4,1.6,10.3,16.8,0.9,1.1,2.0,-0.4
3740160,SG,20,63,3,13.0,1.7,0.8,0.9,0.6,1.7,0.8,0.3,0.1,0.5,0.9,4.8,10.3,0.603,0.595,0.233,3.8,10.2,7.1,8.2,1.0,0.8,12.0,14.6,0.7,0.6,1.3,-0.1
3722040,C,21,43,17,19.3,3.7,0.0,3.7,1.6,7.1,0.4,0.7,1.0,0.9,2.2,9.0,19.8,0.659,0.0,0.386,11.7,27.7,19.6,3.3,1.6,4.7,12.0,17.0,1.5,1.3,2.8,0.4
3613680,PG,22,60,4,25.9,4.6,1.3,3.4,2.5,4.8,3.9,0.6,0.5,1.5,2.6,13.0,16.0,0.57,0.338,0.279,3.4,17.6,10.5,22.9,1.2,1.9,11.7,21.5,2.1,1.7,3.7,1.3
3552840,SF,23,74,45,28.3,3.9,2.2,1.7,1.0,2.8,1.2,0.4,0.1,0.7,1.3,11.1,11.5,0.657,0.656,0.15,1.8,8.9,5.5,5.7,0.7,0.4,8.1,14.1,2.9,0.9,3.8,0.2
3536160,SF,19,72,12,19.5,3.4,1.4,2.0,0.6,2.1,1.0,0.6,0.2,0.6,1.2,8.9,12.6,0.577,0.486,0.088,2.9,9.2,6.0,7.0,1.4,0.7,7.1,17.9,1.3,0.9,2.2,0.4
3500000,C,31,63,9,15.0,2.1,1.3,0.8,0.6,3.2,0.8,0.2,0.4,0.4,1.6,6.1,13.0,0.608,0.709,0.178,4.2,19.1,11.6,7.1,0.8,2.3,6.8,15.1,1.4,1.1,2.5,0.4
3465000,PF,29,78,1,19.4,2.8,2.0,0.9,0.5,2.4,1.0,0.4,0.2,0.7,1.9,8.2,10.9,0.61,0.765,0.09,1.5,12.8,7.2,7.3,1.0,0.9,9.4,17.0,1.1,1.4,2.5,0.2
3433320,C,21,50,47,28.3,3.9,1.3,2.6,2.2,8.1,1.4,0.4,0.7,1.4,2.7,11.3,13.1,0.56,0.465,0.338,8.7,23.3,15.8,7.3,0.7,2.1,11.8,17.3,1.1,0.9,2.0,0.0
3433320,SF,24,27,8,19.2,1.6,1.0,0.6,0.6,3.6,1.4,0.7,0.4,0.6,1.5,4.7,9.1,0.488,0.705,0.172,5.7,15.3,10.5,9.4,1.8,2.1,11.5,12.3,0.0,0.6,0.7,0.1
3395062,SF,25,50,9,12.5,1.1,0.2,0.9,1.0,1.1,1.1,0.1,0.1,0.4,1.0,3.4,7.0,0.498,0.276,0.434,3.1,6.4,4.7,11.2,0.5,0.7,10.8,13.5,0.1,0.3,0.4,-0.5
3359160,PF,21,82,5,21.5,3.6,0.7,2.9,1.3,6.0,1.1,1.2,0.6,1.2,2.3,9.3,15.2,0.525,0.261,0.22,12.0,18.9,15.4,7.4,2.6,2.6,12.2,19.3,0.9,1.7,2.6,0.1
3261480,PF,21,34,25,20.6,3.2,1.1,2.1,0.6,4.7,1.9,0.6,1.1,1.3,1.7,8.1,13.4,0.522,0.418,0.141,6.8,17.8,12.2,12.4,1.4,4.824999999999999,14.0,18.3,0.0,1.0,1.0,0.3
3205128,SF,27,52,6,14.7,2.2,1.2,1.0,0.7,1.7,0.8,0.3,0.2,0.8,1.2,6.3,8.0,0.495,0.612,0.141,4.4,7.7,6.1,7.5,0.9,0.9,10.5,20.2,-0.4,0.3,-0.1,-0.6
3200000,C,29,67,0,12.7,2.5,0.0,2.5,1.0,6.6,0.5,0.7,0.4,1.1,1.7,6.0,20.8,0.606,0.011,0.456,14.6,29.825000000000003,21.125,5.7,2.6,3.1,18.6,21.0,0.8,2.0,2.8,0.3
3191400,SG,20,38,0,5.6,0.8,0.2,0.7,0.4,1.0,0.6,0.3,0.1,0.2,0.6,2.2,14.1,0.523,0.375,0.292,6.5,13.0,9.8,14.1,2.5,2.3,9.0,18.4,0.1,0.3,0.5,0.1
3122602,SF,27,4,0,6.0,0.0,0.0,0.0,0.0,2.0,0.5,0.8,0.0,0.0,1.0,0.0,7.0,0.3950000000000001,0.5,0.0,13.9,21.6,17.8,9.4,2.75,0.0,1.25,7.0,0.0,0.1,0.0,0.0
3098400,SG,22,60,21,25.7,3.4,1.1,2.3,1.1,3.0,1.7,0.7,0.1,1.2,2.6,9.1,11.2,0.645,0.442,0.246,4.1,9.7,6.9,9.7,1.4,0.3,14.5,14.6,1.7,0.9,2.6,-0.2
3047640,PF,21,35,0,11.8,1.1,0.7,0.4,0.2,1.8,0.6,0.3,0.1,0.5,1.4,3.0,6.7,0.531,0.747,0.095,4.9,11.3,8.1,6.2,1.4,0.9,15.4,11.7,0.0,0.5,0.5,-0.2
3046200,PG,21,67,5,17.7,2.9,1.2,1.7,0.6,2.3,1.8,0.6,0.2,0.9,1.5,7.7,10.0,0.492,0.513,0.11,2.4,11.8,7.0,14.0,1.6,0.9,10.6,20.7,-0.6,1.1,0.5,-0.6
3000000,SF,23,63,5,15.1,2.4,1.0,1.4,0.7,2.8,0.5,0.4,0.2,0.8,1.5,6.6,11.1,0.579,0.56,0.181,3.9,17.3,10.5,5.2,1.2,1.1,12.2,18.4,0.2,0.5,0.7,-0.4
2959080,SF,23,77,37,27.6,4.6,2.0,2.6,2.7,4.7,1.5,0.9,0.2,0.9,1.6,13.8,14.6,0.564,0.5,0.285,5.0,14.0,9.4,8.1,1.6,0.5,7.0,20.2,2.6,1.2,3.9,0.9
2925600,SG,19,66,32,23.5,4.1,1.2,2.9,0.9,2.7,1.9,0.5,0.1,1.2,1.7,10.2,9.5,0.524,0.417,0.115,1.9,11.2,6.4,11.4,1.0,0.4,10.6,19.1,-0.4,0.2,-0.1,-1.3
2909261,SF,23,9,0,5.6,0.3,0.3,0.0,0.0,0.4,0.3,0.0,0.0,0.1,0.3,1.0,0.7249999999999961,0.3950000000000001,0.857,0.0,0.0,9.8,4.5,7.4,0.0,0.0,6.7,12.8,-0.1,0.0,-0.1,-0.1
2909040,C,22,46,0,12.0,1.5,0.1,1.4,0.4,2.7,0.3,0.4,0.7,0.7,1.4,3.4,10.8,0.597,0.158,0.217,7.0,17.0,11.9,3.7,1.5,4.7,19.1,12.4,0.0,0.7,0.7,-0.3
2905851,C,33,41,16,13.9,1.5,0.6,1.0,0.5,3.8,1.5,0.3,0.2,0.5,1.8,4.1,13.1,0.59,0.508,0.246,9.2,20.4,14.9,14.2,1.2,1.4,13.2,12.7,1.0,0.8,1.8,0.3
2905851,C,34,37,2,8.1,1.3,0.1,1.2,0.4,1.4,0.5,0.1,0.2,0.7,1.2,3.0,11.6,0.675,0.053,0.24,9.1,11.0,10.0,9.1,0.3,2.5,23.2,16.1,0.2,0.3,0.6,-0.1
2905851,PF,33,35,2,10.1,1.3,0.8,0.5,0.3,2.0,0.9,0.3,0.1,0.5,1.4,3.8,10.4,0.553,0.617,0.087,4.2,18.2,11.3,12.2,1.2,1.2,13.1,17.2,0.1,0.4,0.4,-0.1
2905851,PF,38,8,0,14.1,0.9,0.1,0.8,0.3,2.1,2.4,0.5,0.4,1.1,1.4,2.1,7.3,0.521,0.6,0.2,3.0,13.4,8.3,20.3,1.7,2.3,23.25,9.4,0.0,0.1,0.1,0.0
2905851,C,33,16,0,11.6,1.6,0.4,1.3,0.5,2.8,0.3,0.1,0.4,0.7,1.4,4.1,9.8,0.553,0.333,0.241,8.8,15.7,12.4,2.9,0.5,3.1,15.6,16.1,0.0,0.2,0.2,-0.1
2905851,C,38,7,1,10.1,1.4,0.4,1.0,0.6,1.6,0.0,0.1,0.3,0.1,1.6,3.9,6.2,0.433,0.31,0.172,6.4,12.0,9.1,0.0,0.7,2.9,3.1,20.1,-0.1,0.1,0.0,-0.2
2905851,SF,36,52,0,15.8,1.1,0.8,0.4,0.5,2.2,0.7,0.4,0.3,0.3,1.4,3.4,7.0,0.519,0.775,0.175,4.5,9.7,7.2,5.1,1.2,1.3,9.5,9.8,0.3,0.9,1.2,-0.1
2905851,SG,30,52,10,19.5,1.8,0.8,0.9,0.6,1.6,1.4,0.5,0.1,0.4,1.5,4.9,7.4,0.564,0.589,0.187,0.6,8.4,4.6,9.3,1.3,0.3,9.2,10.5,0.5,0.8,1.3,-0.2
2905851,C,30,61,14,14.3,2.0,0.0,2.0,0.4,4.3,0.9,0.3,1.1,0.8,1.9,4.3,14.4,0.555,0.0,0.34,11.0,22.1,16.5,8.7,1.0,4.824999999999999,17.7,14.0,0.2,1.6,1.9,0.2
2905851,C,37,49,2,9.8,1.3,0.2,1.2,0.6,1.9,0.7,0.3,0.2,0.5,1.7,3.4,11.4,0.585,0.192,0.336,7.7,13.6,10.8,9.6,1.5,2.1,15.3,15.3,0.4,0.5,0.8,-0.1
2840160,C,23,55,12,20.7,3.6,0.5,3.0,1.6,6.0,0.9,0.6,0.5,1.1,1.9,9.2,15.2,0.554,0.267,0.307,9.3,24.4,16.3,6.3,1.3,2.6,11.4,19.4,0.8,1.4,2.2,-0.1
2808600,SG,21,76,6,15.5,1.9,0.4,1.4,0.5,2.4,0.8,0.5,0.2,0.5,1.3,4.7,10.3,0.568,0.332,0.221,4.8,12.6,8.8,6.4,1.7,1.3,9.9,13.0,0.7,1.2,1.9,-0.1
2800000,SF,24,62,14,19.2,3.1,1.4,1.7,1.1,3.7,1.4,0.4,0.2,1.1,1.2,8.7,12.2,0.561,0.474,0.193,4.7,15.8,10.4,10.5,1.0,1.0,12.0,19.4,0.5,1.0,1.5,0.0
2792640,SF,21,70,6,14.9,2.3,0.4,1.8,0.7,4.0,1.2,0.5,0.5,0.6,1.6,5.6,14.1,0.554,0.323,0.242,5.3,24.6,14.8,10.4,1.7,2.8,10.3,16.0,0.8,1.3,2.1,0.6
2726880,SG,22,60,41,33.6,7.3,2.7,4.7,3.0,2.9,3.5,0.8,0.1,1.3,2.2,20.3,17.0,0.605,0.404,0.233,1.4,8.8,5.2,16.9,1.2,0.4,7.4,24.1,3.7,1.6,5.4,1.3
2717391,C,24,39,4,10.4,1.5,0.0,1.5,0.9,3.5,0.8,0.2,0.9,0.6,1.9,3.9,16.6,0.571,0.036,0.446,14.5,22.8,18.6,10.8,0.7,4.824999999999999,15.7,16.3,0.5,0.4,0.9,0.0
2696400,C,21,74,40,23.0,4.0,0.0,4.0,1.1,8.4,0.9,0.4,1.1,0.8,2.3,9.2,21.5,0.702,0.007,0.384,14.6,24.4,19.7,5.7,0.7,4.824999999999999,10.7,13.3,4.5,2.5,7.1,2.1
2681040,SG,20,40,0,10.4,1.7,0.7,1.0,0.7,1.1,1.5,0.5,0.2,1.1,1.1,4.7,9.0,0.482,0.455,0.23,3.0,9.2,6.1,20.9,2.2,1.3,18.0,25.0,-0.7,0.2,-0.5,-0.4
2674742,C,22,35,2,14.5,2.5,0.1,2.4,0.6,5.5,1.3,0.5,0.9,1.2,2.1,5.7,18.8,0.658,0.059,0.274,14.6,26.4,20.7,12.9,1.5,4.824999999999999,21.3,15.6,0.7,0.6,1.3,0.3
2628597,PG,32,32,0,6.7,0.5,0.3,0.3,0.1,0.4,1.3,0.2,0.0,0.3,0.6,1.5,6.7,0.443,0.54,0.14,0.5,6.4,3.5,23.4,1.6,0.0,15.9,12.7,0.0,0.1,0.1,-0.2
2625000,PF,27,74,0,16.9,2.5,1.2,1.4,1.4,4.1,0.9,0.4,0.4,0.9,1.3,7.6,14.2,0.607,0.588,0.304,6.3,21.1,13.7,7.0,1.0,2.2,12.2,18.1,1.4,1.2,2.6,0.3
2617800,PF,22,53,5,13.7,2.1,0.3,1.8,0.8,2.6,0.3,0.3,0.4,0.6,2.0,5.2,12.5,0.62,0.332,0.316,10.5,11.2,10.9,3.3,1.1,2.8,12.2,15.2,0.9,0.7,1.6,-0.3
2588640,PF,21,70,4,18.0,2.6,0.9,1.6,0.6,2.8,0.8,0.4,0.3,0.8,1.5,6.7,8.8,0.519,0.505,0.155,4.2,12.0,8.1,6.1,1.1,1.4,11.3,16.7,-0.3,1.4,1.1,-0.6
2573760,C,21,63,12,16.5,2.8,0.0,2.8,1.5,4.5,0.8,0.5,1.1,0.8,2.4,7.2,17.5,0.595,0.044,0.459,12.1,18.0,15.0,7.0,1.4,4.824999999999999,11.8,17.4,1.5,1.2,2.7,0.3
2485200,SF,22,52,11,13.5,1.8,0.9,0.9,0.5,2.2,0.7,0.4,0.1,0.9,1.4,5.1,8.2,0.513,0.584,0.152,5.9,11.0,8.5,6.7,1.4,0.8,14.8,18.3,-0.4,0.8,0.4,-0.5
2471160,C,20,75,1,12.9,1.1,0.3,0.8,0.4,4.1,0.9,0.6,0.4,0.6,1.8,3.0,12.9,0.569,0.333,0.266,13.4,21.4,17.4,8.8,2.2,2.9,19.2,10.5,0.9,0.9,1.8,0.2
2463490,PG,30,48,1,10.5,1.2,0.3,0.9,0.6,1.0,1.6,0.4,0.1,0.5,1.0,3.3,12.6,0.628,0.382,0.309,2.3,8.4,5.4,21.0,1.7,0.7,16.1,13.2,0.8,0.6,1.5,0.2
2463490,C,29,36,0,6.5,0.9,0.4,0.5,0.4,1.4,0.9,0.2,0.1,0.3,0.6,2.5,15.3,0.635,0.524,0.254,3.2,21.2,12.1,17.8,1.2,1.6,11.4,14.1,0.5,0.2,0.7,0.3
2463490,C,29,57,7,11.9,2.2,0.0,2.2,1.2,2.8,0.6,0.3,0.4,0.6,1.3,5.6,17.6,0.631,0.029,0.483,11.8,15.7,13.8,7.4,1.2,3.4,12.1,18.9,1.3,0.8,2.2,0.1
2385480,SG,19,37,1,18.1,1.9,0.5,1.3,0.7,2.2,2.7,0.7,0.1,1.8,1.8,5.0,3.5,0.3950000000000001,0.242,0.205,1.7,11.9,6.6,18.8,1.8,0.6,21.7,18.5,-1.9,0.3,-1.6,-1.3
2372160,SG,21,64,2,12.3,2.4,0.3,2.1,0.7,1.1,1.1,0.5,0.2,0.9,0.9,5.8,11.5,0.523,0.271,0.182,2.8,7.2,5.0,14.3,2.0,1.9,14.4,21.9,-0.3,0.3,0.0,-0.5
2330681,PF,24,42,2,11.3,1.6,0.4,1.2,0.5,2.5,0.9,0.4,0.2,0.7,1.3,4.1,9.3,0.497,0.387,0.265,4.7,20.6,12.3,10.7,1.8,1.2,15.2,17.8,-0.4,0.3,-0.1,-0.3
2316876,SG,25,41,0,13.0,1.7,1.4,0.3,0.4,1.8,0.7,0.3,0.3,0.2,1.0,5.2,11.8,0.573,0.91,0.112,3.2,12.2,7.6,7.0,1.3,1.9,5.1,15.5,0.6,0.5,1.1,0.3
2316240,SG,23,81,21,28.9,5.2,2.1,3.1,2.5,4.2,3.4,1.0,0.2,1.2,2.0,14.9,16.3,0.578,0.485,0.265,2.7,13.1,7.9,17.4,1.7,0.6,8.7,20.9,4.4,2.3,6.7,2.1
2300000,SF,26,72,23,20.8,1.9,0.8,1.1,0.4,4.3,1.4,1.1,0.3,0.5,1.6,5.1,10.8,0.542,0.553,0.113,4.5,17.4,11.0,8.2,2.4,1.5,9.9,10.4,1.0,2.5,3.5,0.9
2298385,SG,31,32,12,16.4,1.9,1.3,0.7,0.6,2.3,0.9,0.5,0.0,0.3,1.2,5.7,10.7,0.566,0.638,0.145,4.1,11.8,7.8,7.6,1.5,0.2,6.4,14.0,0.5,0.2,0.7,0.1
2298385,SG,29,25,0,10.7,1.2,0.6,0.6,0.6,0.6,0.7,0.3,0.1,0.5,0.9,3.6,6.2,0.497,0.554,0.181,1.7,4.5,3.1,8.2,1.2,0.7,11.8,16.2,-0.2,0.2,0.0,-0.3
2298385,C,27,41,1,11.6,1.3,0.2,1.1,0.5,3.0,0.4,0.2,0.5,0.6,1.3,3.5,12.9,0.719,0.198,0.337,9.7,17.7,13.8,4.1,0.8,3.7,18.9,10.7,0.7,0.5,1.2,0.0
2277000,SG,22,71,66,29.9,4.0,2.2,1.8,1.1,3.2,2.1,0.7,0.4,1.0,2.5,11.3,11.7,0.619,0.676,0.163,2.5,9.4,5.9,9.7,1.1,1.2,9.7,14.4,3.2,1.6,4.8,1.0
2266640,PG,23,25,1,14.9,2.0,0.4,1.5,1.7,1.8,2.7,0.8,0.0,1.0,1.3,6.0,13.1,0.517,0.248,0.471,3.8,9.7,6.7,24.3,2.5,0.2,14.1,19.5,0.2,0.4,0.7,0.0
2244111,SG,23,75,63,27.6,3.8,1.2,2.6,0.7,2.7,4.5,0.9,0.2,1.7,2.4,9.5,10.0,0.528,0.408,0.096,1.9,8.8,5.3,22.4,1.6,0.5,15.8,16.1,0.4,0.8,1.2,-0.6
2239200,PG,25,48,3,13.4,2.1,1.2,0.9,0.3,1.8,1.3,0.3,0.0,0.8,0.8,5.6,10.3,0.536,0.629,0.065,4.3,10.5,7.5,14.0,1.1,0.1,13.7,19.8,-0.1,0.7,0.6,-0.2
2201520,PG,22,56,1,19.4,4.1,2.1,2.0,1.5,2.4,3.1,0.7,0.3,1.5,1.7,11.8,14.9,0.535,0.552,0.179,2.1,11.8,7.1,23.4,1.8,1.2,11.7,28.0,0.3,1.1,1.4,0.3
2200000,PF,23,70,33,21.5,3.7,0.4,3.3,1.2,5.8,1.0,0.4,1.1,1.6,1.3,9.1,14.4,0.603,0.236,0.226,5.2,25.3,15.2,6.9,1.0,4.824999999999999,17.6,18.2,0.0,2.2,2.3,0.4
2193960,SG,20,23,2,8.1,1.3,0.3,1.0,0.5,1.6,0.5,0.1,0.5,0.3,0.6,3.3,12.8,0.553,0.237,0.339,5.1,17.4,11.4,7.9,0.5,4.824999999999999,10.6,17.7,0.1,0.2,0.3,0.0
2174880,C,23,36,4,10.0,1.6,0.0,1.6,0.2,3.3,0.3,0.2,0.4,0.5,0.9,3.5,16.1,0.7389999999999999,0.0,0.278,9.5,26.1,17.9,4.3,0.8,3.5,18.2,11.5,0.6,0.4,1.0,0.1
2161440,SF,22,79,79,30.6,4.7,1.4,3.3,1.3,3.9,1.9,0.9,1.0,1.4,3.4,12.1,12.0,0.611,0.376,0.201,4.3,9.8,7.1,8.4,1.5,2.7,12.6,15.8,2.0,2.4,4.4,0.5
2160000,PG,26,43,0,15.8,1.4,0.6,0.9,0.3,1.4,3.4,0.7,0.1,0.8,0.7,3.7,11.8,0.526,0.538,0.124,2.5,7.6,5.1,27.4,2.2,0.5,17.7,11.7,0.7,0.6,1.3,0.2
2145720,PG,24,53,2,13.0,1.6,0.9,0.8,0.5,1.4,1.3,0.4,0.1,0.5,1.2,4.6,8.7,0.479,0.55,0.136,2.3,10.8,6.2,13.7,1.5,0.6,8.9,17.4,0.0,0.5,0.5,-0.4
2138160,SG,21,57,4,16.6,3.5,0.9,2.6,2.6,1.7,1.4,0.4,0.1,1.1,1.0,10.6,14.7,0.567,0.292,0.382,1.0,10.1,5.6,12.7,1.0,0.6,10.6,27.8,0.3,0.7,1.0,-0.2
2133278,C,27,69,0,11.7,1.6,0.0,1.6,0.5,2.9,0.8,0.2,0.7,0.4,1.2,3.8,16.7,0.697,0.076,0.229,11.9,14.8,13.4,9.1,0.7,4.824999999999999,11.8,11.5,2.1,1.2,3.3,0.6
2133278,SG,30,74,5,20.4,2.7,1.5,1.2,1.3,3.0,1.3,0.4,0.1,1.1,1.6,8.2,10.7,0.607,0.546,0.23,2.8,14.0,8.3,8.9,1.0,0.4,13.5,16.3,1.1,1.4,2.6,0.1
2133278,SF,29,52,9,13.5,1.2,0.2,1.1,0.4,2.4,1.3,0.3,0.2,0.7,1.5,3.0,7.2,0.505,0.301,0.168,4.4,14.4,9.5,11.8,1.1,1.2,18.1,11.3,-0.1,0.6,0.5,-0.3
2130240,SG,24,58,58,31.7,7.8,2.9,4.9,3.1,5.0,4.4,1.0,0.4,2.2,2.6,21.5,19.1,0.606,0.433,0.218,2.5,14.3,8.4,20.8,1.4,1.1,10.9,26.1,3.5,2.3,5.8,2.1500000000000004
2125200,SG,20,16,2,5.6,1.1,0.1,0.9,0.4,0.9,0.5,0.4,0.2,0.2,0.9,2.6,17.2,0.545,0.143,0.229,8.1,10.4,9.3,13.8,2.75,3.1,7.2,20.8,0.1,0.2,0.3,0.1
2109480,C,21,48,3,11.5,1.9,0.1,1.8,0.7,4.2,0.8,0.3,0.7,0.9,1.9,4.7,17.8,0.581,0.064,0.322,14.6,20.1,20.4,9.7,1.3,4.824999999999999,17.7,19.0,0.8,0.8,1.6,0.0
2036318,C,25,12,0,2.8,0.5,0.3,0.3,0.3,0.9,0.1,0.1,0.1,0.1,0.2,1.6,21.7,0.69,0.417,0.333,3.5,29.825000000000003,18.9,4.4,1.5,2.9,6.8,19.8,0.1,0.1,0.2,0.1
2036318,SG,24,47,5,12.9,1.0,0.4,0.7,0.5,1.3,1.2,0.3,0.1,0.6,1.4,2.9,5.2,0.461,0.508,0.25,1.3,10.7,5.9,12.8,1.3,1.0,16.5,13.1,-0.5,0.4,-0.1,-0.7
2000000,SG,26,54,0,12.7,1.4,1.2,0.2,0.9,1.4,0.5,0.4,0.1,0.4,1.1,4.8,9.7,0.573,0.896,0.264,1.7,10.0,5.8,5.1,1.7,0.7,7.8,14.7,0.7,0.3,1.0,-0.1
2000000,C,20,49,36,18.7,2.1,0.9,1.1,0.8,4.9,1.6,0.6,0.2,0.8,2.3,5.9,11.2,0.559,0.483,0.231,5.1,23.6,14.1,10.7,1.5,1.2,12.6,13.5,0.7,1.2,1.9,0.1
2000000,PF,22,43,20,18.9,2.6,0.9,1.7,0.8,4.2,1.0,0.6,0.3,0.4,1.7,6.8,13.0,0.548,0.448,0.169,9.2,14.7,11.9,7.0,1.4,1.2,6.7,14.6,1.1,0.8,1.9,0.1
2000000,PF,28,53,10,22.8,3.4,0.9,2.4,0.3,4.9,2.0,0.8,0.3,0.6,2.1,8.0,14.4,0.585,0.387,0.113,8.5,14.9,11.6,11.7,1.8,1.1,8.1,13.7,2.0,1.3,3.3,0.8
2000000,SF,20,51,4,15.9,1.3,0.9,0.4,0.3,1.9,0.6,0.2,0.1,0.4,1.2,3.8,6.2,0.508,0.747,0.099,4.7,9.1,6.9,4.9,0.7,0.8,8.7,11.0,0.1,0.5,0.7,-0.4
1997718,SG,26,76,11,20.6,3.2,0.7,2.4,1.3,2.5,3.2,0.3,0.2,1.2,1.6,8.4,12.7,0.575,0.294,0.231,3.0,11.3,7.2,22.3,0.8,0.8,14.5,18.5,1.6,1.2,2.9,0.0
1968175,PG,26,63,6,13.4,1.5,0.6,0.9,0.4,1.2,1.4,0.6,0.2,0.6,1.3,3.9,9.4,0.528,0.4,0.145,3.2,6.4,4.8,13.0,2.1,1.2,13.3,13.4,0.3,0.6,0.9,0.0
1968175,SF,28,58,1,16.0,2.0,1.0,0.9,0.6,2.4,0.8,0.4,0.3,0.4,1.4,5.6,12.1,0.637,0.582,0.203,3.7,13.1,8.5,7.0,1.3,1.6,8.0,13.1,1.3,0.9,2.1,0.3
1968175,SG,27,53,12,13.9,2.3,0.6,1.8,1.9,1.5,1.3,0.6,0.2,0.9,1.6,7.1,14.0,0.597,0.323,0.401,2.0,9.9,6.0,13.3,2.1,1.2,13.6,22.1,0.6,0.7,1.3,-0.1
1968175,SG,27,40,1,8.1,0.8,0.6,0.2,0.3,1.6,1.2,0.2,0.0,0.3,0.9,2.4,10.1,0.512,0.713,0.149,3.6,19.3,11.4,19.6,0.9,0.3,11.5,14.7,0.2,0.2,0.5,-0.1
1968175,C,25,59,26,18.3,3.9,0.4,3.5,1.6,5.7,0.5,0.3,0.5,0.6,1.7,9.8,19.7,0.682,0.16,0.341,8.9,24.6,17.0,4.3,0.7,2.4,8.2,18.2,2.7,1.4,4.1,0.7
1968175,SG,24,72,26,18.8,2.3,0.9,1.3,1.9,3.5,1.5,0.8,0.5,0.9,1.6,7.3,13.3,0.531,0.476,0.464,8.8,11.9,10.3,10.3,2.0,2.3,11.2,17.7,1.1,1.7,2.8,0.6
1968175,C,25,78,28,20.3,2.7,0.1,2.7,1.1,5.4,1.3,0.5,1.1,0.9,2.2,6.6,16.2,0.666,0.054,0.374,9.5,20.9,15.2,9.2,1.2,4.824999999999999,14.7,12.5,2.9,1.6,4.4,0.8
1930681,PF,26,44,13,20.3,1.7,1.0,0.6,0.3,3.4,0.8,0.6,0.5,0.4,2.0,4.7,8.5,0.55,0.718,0.13,2.6,17.2,9.9,5.4,1.6,2.2,8.3,10.2,0.4,1.4,1.8,0.3
1930681,SG,26,81,36,23.1,3.4,1.0,2.4,1.1,3.4,2.3,0.5,0.3,1.0,1.8,8.8,13.4,0.619,0.378,0.225,4.7,11.8,8.3,14.0,1.1,1.0,12.2,15.3,2.8,1.5,4.3,0.8
1930681,SG,23,65,2,19.3,4.3,1.0,3.3,1.2,2.6,2.0,0.6,0.1,1.0,1.6,10.8,13.7,0.527,0.371,0.158,3.3,11.7,7.6,15.9,1.6,0.3,8.9,25.0,0.0,1.2,1.2,-0.2
1930681,C,23,68,11,18.4,4.6,1.1,3.5,1.3,4.9,1.1,0.6,0.8,1.4,2.6,11.5,18.5,0.617,0.376,0.22,6.6,22.8,14.9,9.6,1.6,3.7,12.7,24.8,1.1,1.9,3.0,1.0
1930681,SF,25,80,24,23.9,3.5,1.0,2.6,1.5,4.3,1.6,1.0,0.4,1.2,2.6,9.4,11.8,0.557,0.376,0.224,3.6,16.3,9.9,9.6,2.1,1.6,12.1,17.2,0.5,2.2,2.7,-0.1
1930681,C,24,78,47,20.6,3.7,0.0,3.7,1.6,5.6,1.1,0.4,1.1,1.1,2.4,9.0,19.7,0.7389999999999999,0.0,0.473,11.7,18.0,15.0,7.5,1.0,4.824999999999999,15.1,15.2,4.2,1.9,6.1,1.2
1910860,PF,25,66,0,10.4,2.0,0.1,1.8,0.8,3.0,0.6,0.3,0.3,0.5,1.2,4.9,17.3,0.639,0.174,0.333,7.8,24.9,16.4,8.1,1.5,2.7,11.3,17.6,1.2,0.8,2.1,0.3
1902133,SG,27,43,1,8.0,0.7,0.4,0.3,0.4,1.4,0.5,0.3,0.1,0.5,0.9,2.1,6.2,0.471,0.548,0.286,3.4,16.0,9.9,8.2,2.1,1.0,17.5,14.5,-0.4,0.4,0.1,-0.3
1902133,PF,23,35,3,7.1,0.5,0.2,0.3,0.2,1.0,0.4,0.2,0.2,0.2,1.1,1.3,6.2,0.554,0.553,0.211,3.2,12.4,7.8,6.3,1.4,2.5,14.4,8.4,0.1,0.2,0.3,-0.1
1878720,C,25,68,2,15.1,2.3,0.1,2.1,0.8,4.2,0.5,0.4,0.5,0.7,2.1,5.5,14.4,0.626,0.138,0.323,12.6,17.2,15.0,4.8,1.2,2.9,13.4,14.1,1.5,1.3,2.8,-0.1
1878720,PF,30,37,0,5.6,0.5,0.0,0.5,0.3,1.2,0.4,0.1,0.1,0.3,0.6,1.4,6.7,0.458,0.174,0.478,7.9,14.1,11.1,9.3,0.7,1.2,17.7,13.8,-0.1,0.2,0.1,-0.3
1878720,C,25,57,18,19.5,3.5,0.9,2.6,2.7,4.5,1.5,0.6,0.2,1.2,2.4,10.5,17.4,0.63,0.412,0.46,7.0,19.4,13.2,11.5,1.6,1.1,12.5,21.1,2.1,1.3,3.4,0.7
1878720,PF,27,67,42,21.7,3.5,0.8,2.7,1.8,3.7,1.5,0.7,0.3,0.8,0.9,9.7,14.9,0.609,0.305,0.323,4.7,14.3,9.3,9.8,1.5,1.1,9.5,16.7,2.1,0.6,2.7,0.5
1846738,PF,24,65,2,16.7,1.9,0.7,1.2,1.6,3.4,0.7,0.5,0.2,0.5,1.2,6.1,10.6,0.52,0.486,0.455,6.4,16.0,11.2,5.4,1.4,1.0,8.2,16.1,0.4,0.7,1.1,-0.3
1836090,C,25,38,0,7.7,1.2,0.2,1.0,1.0,1.5,0.3,0.3,0.2,0.6,1.1,3.7,14.5,0.655,0.272,0.5935,8.6,12.8,10.8,6.1,1.6,1.8,16.5,18.7,0.4,0.3,0.7,-0.1
1836090,SF,27,23,0,4.7,0.3,0.2,0.1,0.0,0.7,0.4,0.2,0.2,0.1,0.3,0.9,6.3,0.3950000000000001,0.741,0.074,2.1,15.1,8.7,10.5,1.8,3.2,6.7,12.2,-0.1,0.2,0.1,0.0
1836090,SG,23,73,10,19.1,3.1,2.2,0.9,1.1,2.4,1.2,0.7,0.1,0.5,1.4,9.5,14.5,0.626,0.776,0.197,2.0,11.6,6.7,8.7,1.6,0.5,6.6,17.7,2.5,1.3,3.8,1.0
1836090,PG,28,20,4,8.6,0.5,0.4,0.1,0.0,0.8,1.2,0.3,0.0,0.4,0.9,1.3,2.7,0.3950000000000001,0.622,0.0,0.0,10.0,5.0,16.9,1.4,0.0,15.9,11.1,-0.2,0.1,-0.2,-0.3
1836090,PF,30,59,8,10.6,1.2,0.1,1.1,0.8,1.7,0.6,0.1,0.2,0.3,1.2,3.3,11.1,0.604,0.22,0.508,6.9,10.6,8.8,7.2,0.5,1.6,8.5,12.3,1.0,0.4,1.3,-0.2
1815677,SF,29,32,1,15.0,1.9,0.4,1.5,0.9,2.8,0.7,0.8,0.7,0.6,1.6,5.2,14.5,0.646,0.324,0.417,6.5,14.2,10.4,6.4,2.4,4.2,13.5,13.6,0.6,0.8,1.4,0.4
1815677,PG,26,68,34,25.9,3.4,1.7,1.6,1.0,2.1,2.5,0.9,0.1,1.4,2.3,9.4,9.0,0.533,0.617,0.138,1.7,8.1,4.8,13.9,1.8,0.3,13.3,17.5,-0.3,1.7,1.4,-0.6
1815677,SF,26,80,33,28.4,4.1,2.5,1.6,1.0,3.2,2.1,0.5,0.2,0.9,2.1,11.5,10.8,0.557,0.713,0.113,2.4,11.2,6.7,11.2,0.9,0.5,7.8,17.6,1.5,1.9,3.4,0.2
1782621,C,25,65,9,18.7,3.0,0.0,3.0,2.1,6.4,0.6,0.2,1.1,0.9,2.4,8.2,18.3,0.676,0.003,0.585,12.6,24.0,18.2,4.5,0.4,4.824999999999999,13.0,15.6,2.7,1.5,4.2,0.2
1782621,SF,25,62,25,18.1,2.1,0.5,1.6,0.6,3.3,0.5,0.4,0.3,0.4,1.3,5.3,9.5,0.524,0.33,0.198,5.0,16.7,10.9,4.0,1.2,1.6,7.9,13.6,0.3,1.6,1.9,-0.2
1782621,SF,25,77,21,23.3,3.2,0.9,2.4,1.8,3.6,2.5,0.7,0.2,1.3,1.5,9.1,11.4,0.539,0.382,0.306,3.0,14.6,8.8,14.4,1.5,0.7,13.0,17.8,0.5,2.0,2.5,0.1
1782621,C,23,69,2,10.9,1.8,0.0,1.8,0.6,3.8,0.4,0.7,0.7,0.7,1.8,4.2,19.2,0.62,0.029,0.244,14.6,23.1,20.5,5.3,2.75,4.824999999999999,16.3,16.4,1.2,1.6,2.8,0.4
1782621,PG,23,68,65,29.2,5.0,0.7,4.4,2.2,3.6,6.049999999999999,1.3,0.1,1.6,1.4,12.9,16.0,0.534,0.213,0.231,3.0,10.8,6.7,31.5,2.1,0.4,11.8,19.3,2.6,0.8,3.4,0.5
1752638,PF,26,54,11,17.9,1.7,0.7,1.0,0.2,3.5,0.8,0.7,0.3,0.8,1.5,4.4,8.5,0.517,0.505,0.13,6.7,16.4,11.4,6.2,1.9,1.8,16.5,12.5,-0.3,1.3,0.9,-0.3
1752638,C,24,9,0,9.2,1.8,0.3,1.4,0.6,2.6,0.2,0.2,0.2,0.4,1.8,4.4,16.7,0.675,0.259,0.222,10.9,21.9,16.2,3.9,1.2,2.5,11.9,18.0,0.2,0.1,0.3,0.0
1709300,SF,22,14,0,4.9,0.2,0.0,0.2,0.0,0.5,0.5,0.2,0.1,0.5,0.7,0.4,0.7249999999999961,0.3950000000000001,0.2,0.0,6.5,4.7,5.6,12.3,2.1,1.2,23.25,16.6,-0.4,0.0,-0.3,-0.2
1703902,PF,23,31,2,8.5,1.3,0.2,1.1,0.2,1.5,0.3,0.1,0.2,0.3,0.8,2.9,11.0,0.557,0.253,0.147,11.4,8.4,9.9,5.1,0.5,2.0,10.1,14.2,0.2,0.1,0.3,-0.1
1674655,PG,22,6,1,12.8,2.5,1.2,1.3,0.0,0.7,1.3,0.8,0.0,0.8,0.8,6.2,13.0,0.578,0.438,0.0,1.4,4.3,2.8,15.0,2.75,0.0,13.5,20.1,0.0,0.1,0.1,0.0
1639842,C,24,52,16,15.6,1.6,0.0,1.6,0.2,4.7,0.5,0.3,0.5,0.5,1.8,3.4,13.8,0.7389999999999999,0.009,0.15,13.3,19.4,16.4,4.0,0.9,3.2,19.1,7.4,1.6,0.9,2.6,0.3
1637966,SF,25,80,8,16.1,2.3,1.8,0.5,0.2,2.6,0.9,0.4,0.3,0.4,1.2,6.4,12.7,0.634,0.846,0.043,3.0,14.1,8.6,7.6,1.1,1.4,6.9,14.7,1.8,1.6,3.4,1.0
1637966,SF,22,36,4,10.7,1.0,0.5,0.5,0.3,1.7,0.6,0.4,0.2,0.4,1.1,2.8,8.4,0.502,0.591,0.161,6.9,11.1,9.0,7.5,1.7,1.4,11.5,12.7,0.1,0.3,0.4,-0.2
1575000,PF,21,6,1,10.2,0.5,0.2,0.3,0.3,2.0,0.7,0.2,0.0,0.3,0.7,1.5,0.7249999999999961,0.3950000000000001,0.526,0.105,3.8,17.6,10.9,7.9,0.8,0.0,9.1,15.6,-0.2,0.0,-0.2,-0.2
1563518,PG,22,29,0,5.7,0.5,0.2,0.3,0.0,0.9,0.6,0.2,0.0,0.2,0.6,1.2,7.7,0.475,0.568,0.054,3.9,13.4,8.6,12.4,1.4,0.5,11.7,10.9,0.0,0.1,0.1,-0.1
1563518,PF,20,69,8,14.0,1.4,0.6,0.8,0.5,2.2,0.5,0.3,0.3,0.6,1.0,3.8,7.0,0.506,0.517,0.197,3.9,13.0,8.4,4.9,1.1,2.1,14.5,13.1,-0.6,0.8,0.2,-0.7
1563518,C,23,7,0,2.9,0.3,0.1,0.1,0.1,0.3,0.0,0.0,0.0,0.0,0.7,0.9,0.7249999999999961,0.3950000000000001,0.571,0.286,5.8,5.6,5.7,0.0,0.0,0.0,1.25,17.4,0.0,0.0,0.0,-0.1
1563518,SG,23,80,51,26.2,3.5,0.7,2.8,0.8,2.8,2.6,0.8,0.3,1.2,2.3,8.6,10.2,0.567,0.332,0.144,2.5,9.3,5.9,13.2,1.4,1.2,14.0,14.9,0.7,2.2,2.9,-0.2
1563518,PF,24,52,22,23.1,2.3,1.4,0.9,0.6,2.8,0.8,0.5,0.5,0.6,2.0,6.7,8.4,0.567,0.705,0.135,2.5,11.0,6.6,4.8,1.1,2.1,9.0,11.9,0.5,0.5,1.0,-0.1
1563518,PG,20,57,7,16.0,1.4,0.7,0.7,0.4,1.7,2.3,0.5,0.1,1.5,1.0,4.0,5.3,0.447,0.591,0.152,2.1,9.7,5.9,19.2,1.6,0.7,23.25,15.4,-1.5,0.3,-1.2,-1.0
1563518,PG,23,14,0,8.9,1.3,0.4,0.9,0.0,1.6,1.9,0.1,0.0,0.7,0.5,2.9,10.3,0.489,0.439,0.049,1.8,17.9,9.9,30.9,0.8,0.0,19.3,18.3,0.0,0.1,0.1,0.0
1563518,SG,24,64,22,28.8,4.0,1.3,2.7,3.6,3.0,3.4,0.5,0.3,1.5,1.7,13.0,14.9,0.687,0.441,0.541,2.0,9.0,5.6,15.7,0.8,0.9,14.0,16.2,4.1,1.4,5.4,1.2
1563518,PG,24,61,10,21.5,3.3,1.4,1.9,1.1,2.3,3.0,1.1,0.2,1.3,2.0,9.0,11.8,0.525,0.505,0.164,2.4,9.8,6.1,19.9,2.5,0.7,13.4,19.8,0.1,1.7,1.8,0.3
1563518,PG,22,64,2,11.9,1.2,0.6,0.6,0.4,0.8,1.1,0.6,0.1,0.4,0.9,3.5,8.4,0.475,0.623,0.195,1.9,5.4,3.6,12.4,2.4,1.0,9.7,14.6,0.0,0.7,0.7,-0.1
1563518,SG,24,70,14,18.5,2.7,0.7,2.0,0.8,3.0,1.1,0.6,0.2,0.8,1.6,6.8,12.2,0.607,0.336,0.196,5.5,12.0,8.7,8.3,1.4,1.1,12.2,14.5,1.4,1.2,2.6,0.0
1563518,C,27,69,4,14.2,2.6,0.3,2.3,1.1,4.1,1.0,0.2,0.4,0.9,1.8,6.6,16.4,0.595,0.249,0.312,13.2,18.6,15.8,10.1,0.8,2.7,13.3,19.3,1.5,1.2,2.7,0.2
1563518,PF,22,62,12,19.1,2.9,0.4,2.5,1.2,3.8,2.1,0.5,0.2,1.1,1.9,7.4,13.6,0.625,0.198,0.31,4.1,19.2,11.6,16.0,1.3,0.9,16.2,16.1,1.3,0.7,2.1,0.1
1563518,PG,23,31,2,9.0,1.8,0.5,1.3,0.5,1.5,1.2,0.4,0.4,0.6,1.1,4.6,14.9,0.505,0.392,0.185,4.2,14.9,9.1,19.3,2.3,4.5,11.4,24.2,0.0,0.4,0.4,0.1
1500000,C,22,58,19,13.8,1.2,0.0,1.2,0.6,2.9,0.5,0.4,1.0,0.3,2.2,3.1,11.4,0.517,0.08,0.393,11.1,13.3,12.1,5.0,1.3,4.824999999999999,10.2,10.4,0.7,1.0,1.7,-0.3
1461055,SG,20,46,7,17.1,1.7,0.6,1.2,1.3,2.0,1.2,0.3,0.1,0.9,1.0,5.3,7.2,0.519,0.396,0.396,2.7,10.1,6.3,9.1,0.9,0.7,15.3,15.0,-0.4,0.4,0.1,-0.8
1280206,PG,24,62,7,17.8,2.5,0.6,1.9,0.9,3.3,2.7,0.9,0.4,0.9,1.5,6.6,14.8,0.531,0.334,0.195,6.0,14.3,10.3,20.8,2.6,2.0,12.9,17.3,0.9,1.3,2.2,0.8
1200000,PG,20,36,0,7.8,1.0,0.1,0.9,0.2,1.1,1.6,0.3,0.1,0.5,0.4,2.2,10.6,0.44,0.181,0.157,3.4,10.9,7.2,26.4,2.0,1.6,16.9,15.8,-0.1,0.4,0.3,0.0
1160955,C,27,23,1,7.4,0.5,0.0,0.4,0.1,2.1,0.3,0.1,0.3,0.5,1.5,1.1,5.9,0.502,0.167,0.083,11.7,18.8,15.3,5.1,0.6,4.0,23.25,9.2,0.0,0.3,0.2,-0.2
1116112,C,23,43,7,15.3,2.3,0.7,1.6,0.9,4.3,1.4,0.3,0.3,0.8,1.2,6.1,13.4,0.516,0.43,0.248,11.2,19.0,15.1,12.8,1.0,1.5,12.1,18.2,0.4,0.5,0.9,-0.1
1105522,SG,26,5,0,11.8,1.8,1.0,0.8,0.4,1.8,1.0,0.8,0.0,0.0,0.6,5.0,15.5,0.546,0.818,0.091,0.0,18.0,9.0,12.0,2.75,0.0,1.25,17.3,0.1,0.1,0.2,0.0
1017781,SG,23,16,0,4.1,0.6,0.1,0.5,0.1,0.8,0.1,0.1,0.0,0.1,0.1,1.3,7.7,0.44,0.304,0.087,8.2,11.7,10.0,3.9,0.7,0.0,7.7,16.5,0.0,0.0,0.0,-0.1
1017781,SG,20,48,5,14.8,3.0,1.3,1.7,1.4,1.9,1.4,0.4,0.1,1.0,1.3,8.8,14.6,0.571,0.468,0.237,1.8,13.0,7.3,14.9,1.2,0.9,11.1,26.4,0.2,0.5,0.7,0.0
1017781,PG,20,12,0,5.2,0.6,0.3,0.3,0.5,1.0,0.5,0.1,0.1,1.3,0.8,1.9,0.7249999999999961,0.508,0.45,0.3,5.4,15.7,10.6,12.4,0.8,1.4,23.25,26.1,-0.3,0.1,-0.3,-0.2
1017781,SG,19,41,3,12.5,1.1,0.6,0.4,0.3,1.8,0.5,0.2,0.2,0.3,0.8,3.1,7.4,0.566,0.585,0.151,1.5,13.8,7.8,5.1,0.8,1.2,10.3,10.4,0.1,0.5,0.6,-0.1
1017781,SF,20,15,0,6.4,1.2,0.1,1.1,0.5,1.7,0.3,0.3,0.4,0.2,0.7,3.1,17.9,0.582,0.167,0.222,5.9,22.9,14.6,7.5,2.0,4.824999999999999,7.1,18.9,0.1,0.2,0.3,0.0
1017781,SF,20,56,0,11.1,1.5,0.3,1.2,0.6,2.3,0.6,0.2,0.2,0.5,1.2,3.9,9.6,0.496,0.283,0.227,8.8,15.5,12.2,7.8,0.8,1.9,11.8,17.3,-0.1,0.3,0.2,-0.6
1013119,SF,25,40,6,16.1,2.5,0.6,1.9,1.3,2.8,0.7,0.7,0.1,0.9,2.3,7.0,10.9,0.533,0.39,0.329,7.1,11.8,9.4,6.3,2.1,0.4,11.5,19.3,0.1,0.5,0.6,-0.4
1000001,PG,28,22,3,25.8,5.3,0.8,4.5,1.9,4.5,5.6,1.1,0.5,1.6,2.6,13.2,19.1,0.606,0.167,0.245,1.7,17.1,9.5,32.3,2.1,1.5,12.8,20.2,1.3,0.6,1.9,0.6
877940,PF,25,37,0,12.2,1.5,0.6,0.8,0.6,1.7,0.8,0.2,0.1,0.4,1.6,4.2,10.1,0.587,0.607,0.189,5.8,9.8,7.8,9.6,0.9,1.1,10.8,14.1,0.5,0.3,0.8,-0.1
853241,SF,21,5,0,6.8,1.0,0.2,0.8,0.0,1.6,0.8,0.2,0.0,0.0,0.4,2.2,10.3,0.3950000000000001,0.333,0.0,9.6,17.1,13.1,16.3,1.4,0.0,1.25,19.2,0.0,0.0,0.0,-0.1
838891,SG,25,7,0,10.0,1.0,0.3,0.7,0.7,2.4,0.9,0.3,0.7,1.0,0.6,3.0,6.0,0.3950000000000001,0.517,0.172,12.7,14.2,13.5,11.1,1.4,4.824999999999999,18.3,22.9,-0.3,0.1,-0.2,-0.1
824041,C,23,36,1,8.2,1.7,0.0,1.7,0.9,3.9,0.1,0.1,0.4,0.4,1.1,4.3,22.2,0.607,0.0,0.5935,14.6,29.825000000000003,21.125,2.1,0.7,4.2,10.5,21.2,0.7,0.4,1.1,0.1
806097,SF,25,34,0,9.1,1.2,0.9,0.2,0.3,0.8,0.5,0.1,0.0,0.2,0.8,3.6,8.1,0.538,0.778,0.111,1.4,7.6,4.6,6.9,0.8,0.3,5.8,16.5,0.1,0.2,0.3,-0.1
784654,SF,26,16,0,4.9,0.6,0.1,0.5,0.0,0.9,0.6,0.4,0.1,0.3,0.4,1.4,5.2,0.3950000000000001,0.485,0.0,1.5,18.7,10.1,16.3,2.75,1.1,13.2,20.6,-0.3,0.1,-0.2,-0.1
743922,C,30,15,2,14.5,2.5,0.0,2.5,1.6,4.3,0.7,0.2,0.3,0.9,2.2,6.5,16.4,0.659,0.034,0.593,13.0,21.8,17.3,7.2,0.7,1.9,15.8,18.1,0.4,0.3,0.7,0.0
713558,C,30,9,2,12.7,1.6,0.8,0.8,0.9,3.8,0.1,0.2,0.0,0.7,1.8,4.8,12.0,0.652,0.621,0.31,11.4,19.4,15.5,1.2,0.8,0.0,15.4,14.4,0.2,0.1,0.3,-0.1
694878,SF,25,62,4,19.3,2.4,1.2,1.2,0.7,3.5,1.5,0.5,0.3,0.9,2.2,6.7,10.9,0.61,0.634,0.191,5.3,14.4,9.9,10.5,1.1,1.5,13.7,13.8,1.2,1.2,2.4,0.3
652829,PG,31,4,0,11.0,1.5,0.3,1.3,1.0,1.3,1.8,0.3,0.3,1.0,1.3,4.3,9.0,0.498,0.214,0.5,2.6,10.3,6.4,22.6,1.1,2.2,19.0,20.6,0.0,0.0,0.0,0.0
612162,PG,25,7,0,8.0,0.9,0.4,0.4,0.7,0.7,0.9,0.3,0.0,0.3,0.3,2.9,11.1,0.54,0.4,0.533,2.1,8.0,5.1,13.9,1.7,0.0,9.7,16.2,0.0,0.1,0.1,0.0
520589,SG,19,3,0,2.7,0.3,0.3,0.0,0.0,0.7,0.0,0.0,0.0,0.0,0.0,1.0,3.7,0.3950000000000001,0.9610000000000002,0.0,0.0,27.6,13.7,0.0,0.0,0.0,1.25,21.4,0.0,0.0,0.0,0.0
511816,SG,22,5,0,2.4,0.4,0.0,0.4,0.0,0.2,0.0,0.0,0.0,0.0,0.2,0.8,4.6,0.4,0.0,0.0,9.5,0.0,4.7,0.0,0.0,0.0,1.25,17.9,0.0,0.0,0.0,0.0
508891,SG,24,23,3,12.0,1.1,0.0,1.1,0.1,1.6,1.7,0.3,0.1,0.7,0.7,2.3,6.1,0.424,0.033,0.05,2.0,12.8,7.3,16.5,1.2,0.6,19.7,11.6,-0.2,0.2,-0.1,-0.2
508891,PF,25,4,0,9.0,0.5,0.0,0.5,0.5,2.5,0.0,0.5,0.0,0.3,0.8,1.5,8.1,0.3950000000000001,0.429,0.286,14.6,14.9,15.2,0.0,2.7,0.0,11.3,10.8,0.0,0.1,0.1,-0.1
508891,SG,20,12,0,5.5,0.7,0.2,0.5,0.1,0.8,0.9,0.2,0.2,0.3,0.4,1.6,10.1,0.478,0.368,0.105,3.4,11.4,7.4,22.4,1.5,2.6,16.8,15.8,0.0,0.1,0.1,0.0
508891,SF,27,5,0,1.8,0.4,0.2,0.2,0.0,0.6,0.0,0.0,0.0,0.0,0.2,1.0,15.4,0.625,0.75,0.0,0.0,29.825000000000003,18.9,0.0,0.0,0.0,1.25,19.7,0.0,0.0,0.0,0.0
508891,C,26,22,2,8.0,1.1,0.3,0.8,0.1,1.4,0.4,0.2,0.4,0.5,1.2,2.6,9.0,0.56,0.42,0.04,5.4,14.7,10.0,6.3,1.1,4.7,19.1,16.0,-0.1,0.3,0.2,-0.1
508891,PF,23,12,0,7.0,1.0,0.3,0.8,0.3,1.7,0.3,0.3,0.3,0.1,0.7,2.6,14.1,0.521,0.286,0.143,5.6,22.4,14.0,5.0,2.4,3.3,3.3,16.4,0.1,0.2,0.2,0.0
508891,SF,25,17,0,3.9,0.5,0.2,0.3,0.1,1.0,0.2,0.2,0.1,0.1,0.5,1.2,12.6,0.517,0.474,0.158,10.7,18.6,14.8,7.7,2.2,2.7,9.0,14.7,0.1,0.1,0.1,0.0
508891,SF,23,10,0,9.0,0.5,0.4,0.1,0.2,0.6,0.4,0.2,0.0,0.0,0.6,1.6,0.7249999999999961,0.3950000000000001,0.926,0.074,2.4,5.1,3.7,5.8,1.1,0.0,1.25,13.2,-0.2,0.0,-0.2,-0.2
508891,SF,23,4,0,6.3,1.3,0.8,0.5,0.5,1.5,0.3,0.0,0.3,0.0,0.5,3.8,18.3,0.582,0.833,0.167,4.3,22.2,13.2,6.2,0.0,3.9,1.25,21.4,0.1,0.0,0.1,0.0
508891,PG,23,5,0,5.6,0.4,0.4,0.0,0.6,0.0,0.6,0.0,0.0,0.2,0.2,1.8,4.2,0.436,0.889,0.333,0.0,0.0,0.0,13.9,0.0,0.0,8.8,16.8,0.0,0.0,0.0,0.0
508891,SG,19,6,0,6.7,0.7,0.0,0.7,0.2,1.0,0.5,0.7,0.0,0.3,1.5,1.5,9.1,0.571,0.143,0.286,5.6,11.1,8.3,9.7,2.75,0.0,20.2,10.4,0.0,0.1,0.1,0.0
508891,SF,23,7,0,5.9,0.4,0.4,0.0,0.0,1.0,0.6,0.0,0.0,0.0,0.4,1.3,7.4,0.5,0.889,0.0,2.7,15.2,9.1,12.0,0.0,0.0,1.25,9.3,0.0,0.0,0.1,0.0
508891,PF,23,18,0,13.3,2.1,0.4,1.7,0.9,2.9,0.7,0.6,0.1,0.3,1.2,5.4,16.5,0.647,0.303,0.333,7.1,18.7,12.7,7.6,2.3,0.4,7.3,15.1,0.5,0.3,0.8,0.2
508891,C,24,28,0,8.7,2.3,0.5,1.8,1.5,2.3,0.6,0.1,0.1,0.5,1.5,6.5,23.0,0.652,0.336,0.448,14.6,13.5,14.5,11.8,0.6,0.7,9.2,26.9,0.9,0.2,1.1,0.1
508891,SG,25,34,0,13.4,1.4,0.5,0.9,0.9,2.1,0.5,0.5,0.1,0.6,1.6,4.1,9.2,0.564,0.402,0.383,6.9,10.4,8.7,4.7,1.8,1.1,14.4,13.7,0.2,0.4,0.6,-0.2
508891,SG,23,16,0,4.4,0.4,0.4,0.1,0.3,0.5,0.4,0.3,0.1,0.1,0.6,1.5,14.0,0.629,0.75,0.438,6.5,6.4,6.4,10.5,2.75,1.2,5.0,12.1,0.2,0.1,0.2,0.1
508891,C,23,5,0,5.8,1.2,0.0,1.2,0.0,2.2,0.2,0.0,0.4,0.2,1.4,2.4,17.0,0.607,0.0,0.222,14.6,23.5,21.125,5.0,0.0,4.824999999999999,9.2,16.1,0.1,0.0,0.1,0.0
508891,PF,19,28,0,14.6,1.6,0.0,1.6,0.6,3.6,0.9,0.4,0.7,0.5,2.0,3.9,12.4,0.567,0.047,0.291,11.9,15.6,13.7,7.6,1.2,3.8,13.4,11.3,0.5,0.2,0.7,-0.3
508891,SF,21,17,3,18.8,3.5,1.9,1.5,0.8,3.5,0.6,0.4,0.3,0.6,1.5,9.7,13.4,0.6,0.631,0.131,3.3,17.7,10.2,4.5,0.9,1.3,7.4,19.2,0.3,0.1,0.4,-0.1
508891,PG,25,25,0,10.4,1.0,0.2,0.8,0.2,0.9,1.2,0.4,0.1,0.2,0.5,2.4,9.9,0.5,0.281,0.158,2.4,8.0,5.0,15.5,1.7,1.1,7.6,10.9,0.2,0.2,0.4,0.0
508891,PF,24,7,0,7.4,1.4,0.6,0.9,0.0,2.3,0.6,0.1,0.0,0.3,0.7,3.4,18.6,0.7389999999999999,0.467,0.0,6.3,26.7,16.6,11.2,0.9,0.0,11.8,13.7,0.2,0.0,0.2,0.1
508891,SG,21,18,0,12.9,1.9,0.8,1.1,0.1,2.2,0.4,0.2,0.2,0.2,0.7,4.8,6.5,0.411,0.606,0.038,3.8,14.3,9.1,4.7,0.8,1.1,2.8,19.6,-0.3,0.1,-0.2,-0.3
503041,C,20,19,1,11.6,0.9,0.4,0.5,0.2,0.9,0.6,0.4,0.5,0.1,1.2,2.4,5.7,0.411,0.66,0.075,1.5,7.3,4.4,6.5,1.5,3.6,1.8,11.0,-0.1,0.1,0.0,-0.2
500000,SF,27,2,0,4.0,0.5,0.0,0.5,0.0,1.0,0.5,0.0,0.0,1.0,1.0,1.0,0.7249999999999961,0.3950000000000001,0.0,0.5935,14.6,0.0,14.3,16.1,0.0,0.0,23.25,26.2,0.0,0.0,0.0,0.0
464299,PG,31,8,0,6.5,0.4,0.4,0.0,0.1,0.3,1.1,0.8,0.0,0.4,0.4,1.3,7.8,0.3950000000000001,0.846,0.154,0.0,4.5,2.2,22.6,2.75,0.0,17.8,14.7,-0.1,0.1,0.0,0.0
386055,C,22,31,1,13.7,1.5,0.0,1.5,0.7,4.1,0.8,0.4,0.4,0.5,1.7,3.7,13.4,0.565,0.067,0.348,12.8,22.3,17.4,8.4,1.4,2.9,13.5,12.4,0.5,0.6,1.1,0.0
374357,SG,25,15,1,10.5,1.2,0.3,0.9,0.2,1.6,1.5,0.7,0.3,0.2,1.5,2.9,11.4,0.475,0.422,0.067,1.4,15.9,8.7,19.3,2.75,2.5,6.1,13.8,0.1,0.3,0.3,0.0
307089,SG,23,14,0,14.1,1.2,0.4,0.9,0.4,2.6,0.3,0.3,0.1,0.2,1.6,3.2,6.5,0.482,0.455,0.136,6.0,15.0,10.4,2.8,1.0,0.4,6.0,10.7,0.0,0.1,0.1,-0.2
307089,PF,23,1,0,29.0,8.0,3.3,4.0,0.0,4.0,2.0,1.0,0.0,2.0,3.7000000000000006,20.0,21.3,0.7389999999999999,0.615,0.077,8.3,8.0,8.1,12.2,1.7,0.0,13.0,23.8,0.1,0.0,0.1,0.0
260295,SF,23,10,1,13.7,1.7,0.1,1.6,0.9,3.8,0.6,0.6,0.2,0.7,1.4,4.4,9.5,0.452,0.279,0.302,7.9,22.6,15.2,5.5,2.1,1.2,12.6,17.1,-0.1,0.2,0.0,-0.1
257371,C,23,9,1,12.7,1.7,0.1,1.6,0.6,3.4,0.4,0.1,0.6,0.4,1.9,4.0,11.5,0.544,0.267,0.233,11.1,18.2,14.6,4.6,0.4,4.1,10.8,13.6,0.1,0.1,0.2,-0.1
254446,SG,23,1,0,5.0,0.0,0.0,0.0,0.0,1.0,0.0,0.0,0.0,2.0,1.0,0.0,0.7249999999999961,0.567,0.409,0.226,0.0,22.0,11.2,0.0,0.0,0.0,23.25,17.7,-0.1,0.0,-0.1,0.0
239822,SG,21,2,0,2.0,1.0,0.0,1.0,0.0,1.0,0.0,0.0,0.0,0.0,0.0,2.0,14.5,0.4,0.4,0.0,0.0,29.825000000000003,21.125,0.0,0.0,0.0,1.25,31.424999999999997,0.0,0.0,0.0,0.0
219630,PG,24,9,0,15.0,2.1,0.1,2.0,1.9,0.9,1.7,0.4,0.1,0.4,1.1,6.2,12.2,0.542,0.286,0.524,1.7,4.8,3.3,15.1,1.4,0.6,7.2,17.9,0.1,0.1,0.2,-0.1
211045,PF,26,1,0,3.0,1.0,0.0,1.0,0.0,0.0,0.0,0.0,0.0,1.0,2.0,2.0,0.7249999999999961,0.7389999999999999,0.0,0.0,0.0,0.0,0.0,0.0,0.0,0.0,23.25,30.1,0.0,0.0,0.0,0.0
201802,SF,26,3,0,2.7,1.3,0.3,1.0,0.0,0.7,0.0,0.0,0.0,0.0,0.0,3.0,25.725000000000005,0.7389999999999999,0.4,0.0,14.4,14.7,14.5,0.0,0.0,0.0,1.25,28.3,0.1,0.0,0.1,0.0
201802,SF,25,3,0,3.0,0.3,0.0,0.3,0.7,0.3,0.0,0.0,0.0,0.0,0.0,1.3,18.6,0.7389999999999999,0.0,0.5935,0.0,12.7,6.2,0.0,0.0,0.0,1.25,8.9,0.0,0.0,0.0,0.0
193027,SF,21,9,0,9.2,1.0,0.3,0.7,0.8,1.3,1.2,0.1,0.0,0.8,0.7,3.1,5.5,0.438,0.536,0.321,3.8,12.3,7.9,17.0,0.6,0.0,18.0,19.4,-0.1,0.0,-0.1,-0.1
192293,PF,26,4,0,7.5,0.8,0.0,0.8,0.3,2.5,0.3,0.3,0.0,1.0,0.8,1.8,4.3,0.509,0.333,0.333,7.0,29.825000000000003,18.2,4.2,1.6,0.0,23.25,15.0,-0.1,0.0,-0.1,-0.1
169630,PG,23,6,0,8.8,0.2,0.2,0.0,0.0,1.7,1.3,0.8,0.0,0.5,1.5,0.5,4.8,0.3950000000000001,0.4,0.0,13.1,8.1,10.5,17.6,2.75,0.0,23.1,10.7,-0.1,0.1,0.0,0.0
160856,SG,24,2,0,20.5,4.5,2.0,2.5,1.5,5.0,4.5,0.0,0.0,1.5,1.5,12.5,19.2,0.563,0.55,0.25,8.8,19.8,14.4,33.825,0.0,0.0,11.9,27.5,0.1,0.0,0.1,0.0
140384,PF,27,10,1,12.6,1.7,0.0,1.7,0.4,3.8,0.6,0.6,0.4,0.8,1.3,3.8,14.3,0.586,0.036,0.357,14.6,18.7,16.8,6.4,2.3,2.7,19.8,13.9,0.1,0.2,0.2,-0.1
134862,SG,29,5,0,24.0,3.0,0.6,2.4,2.2,4.4,6.0,1.55,0.4,1.2,2.4,8.8,17.9,0.516,0.278,0.417,1.0,20.3,10.5,33.825,2.75,1.5,12.3,17.6,0.2,0.2,0.3,0.1
129405,SG,22,4,0,4.5,0.5,0.5,0.0,1.0,0.8,0.5,0.3,0.0,1.3,0.0,2.5,8.6,0.654,0.8,0.5935,6.2,12.0,9.2,14.2,2.6,0.0,23.25,29.4,-0.1,0.0,0.0,0.0
116986,SG,28,4,0,5.0,0.8,0.3,0.5,0.0,0.8,1.3,0.0,0.0,0.3,0.5,1.8,7.2,0.3950000000000001,0.333,0.0,0.0,16.6,8.4,33.825,0.0,0.0,10.0,21.8,0.0,0.0,0.0,0.0
116986,PG,23,5,0,14.2,1.2,0.4,0.8,0.2,1.2,0.8,0.8,0.4,0.8,1.2,3.0,6.5,0.504,0.429,0.143,1.6,8.4,4.9,7.8,2.75,2.9,21.2,11.8,-0.1,0.1,0.0,0.0
116986,C,24,7,0,13.6,2.1,0.9,1.3,2.1,3.0,1.4,0.4,0.6,0.7,2.1,7.3,22.3,0.7389999999999999,0.48,0.5935,7.3,16.9,12.3,14.7,1.5,3.6,13.5,16.9,0.4,0.1,0.5,0.1
116574,PG,25,6,6,31.5,5.7,2.0,3.7,2.0,3.2,6.049999999999999,1.0,0.2,1.7,1.8,15.3,19.4,0.624,0.382,0.191,1.2,10.4,5.8,33.825,1.5,0.5,11.9,19.3,0.6,0.1,0.7,0.1
113114,PG,24,1,0,5.0,0.0,0.0,0.0,0.0,2.0,1.0,0.0,0.0,0.0,0.0,0.0,0.7249999999999961,0.3950000000000001,0.333,0.0,14.6,21.3,21.125,22.7,0.0,0.0,1.25,25.1,0.0,0.0,0.0,0.0
105522,PF,29,2,0,3.0,0.0,0.0,0.0,0.0,0.0,0.0,0.0,0.0,0.0,0.0,0.0,0.7249999999999961,0.3950000000000001,0.5,0.0,0.0,0.0,0.0,0.0,0.0,0.0,1.25,14.3,0.0,0.0,0.0,0.0
105522,PF,26,4,0,9.8,2.0,1.0,1.0,0.5,1.5,0.8,0.0,0.5,0.5,0.8,5.5,18.5,0.7389999999999999,0.643,0.143,2.8,13.7,8.3,11.4,0.0,4.3,11.8,18.1,0.1,0.0,0.1,0.1
102910,SF,25,4,0,12.0,1.3,0.8,0.5,1.0,1.3,1.3,0.0,0.3,0.8,1.8,4.3,9.5,0.723,0.6,0.4,0.0,11.3,5.6,13.9,0.0,1.8,20.3,12.9,0.1,0.0,0.1,0.0
99438,PG,24,7,1,12.4,2.6,0.9,1.7,1.1,1.0,2.0,0.0,0.3,1.7,1.0,7.1,11.8,0.61,0.486,0.243,0.0,8.1,4.2,23.8,0.0,1.9,22.7,25.6,0.0,0.1,0.1,-0.1
96514,SF,24,2,0,3.0,0.5,0.5,0.0,0.0,0.0,0.5,0.5,0.0,0.0,0.5,1.5,24.3,0.7389999999999999,0.5,0.0,0.0,0.0,0.0,23.5,2.75,0.0,1.25,14.5,0.0,0.0,0.0,0.0
58493,SG,23,1,0,2.0,0.0,0.0,0.0,2.0,0.0,0.0,1.0,1.0,0.0,0.0,2.0,25.725000000000005,0.532,0.9610000000000002,0.5935,0.0,0.0,0.0,0.0,2.75,4.824999999999999,1.25,31.424999999999997,0.0,0.0,0.0,0.0
52644,SG,23,5,4,25.4,4.8,0.6,4.2,0.4,3.0,2.0,0.6,0.4,0.8,2.6,10.6,15.5,0.657,0.205,0.077,9.0,4.6,6.8,12.1,1.2,1.4,9.0,15.2,0.3,0.0,0.3,0.0
49719,SG,22,2,0,15.0,2.5,1.0,1.5,0.5,3.0,0.5,1.0,0.0,1.5,1.0,6.5,14.2,0.7389999999999999,0.286,0.286,0.0,22.7,11.3,5.0,2.75,0.0,23.25,15.6,0.0,0.0,0.1,0.0
35096,SF,23,4,0,22.3,1.8,0.8,1.0,0.0,3.8,1.0,0.5,1.1,1.0,2.3,4.3,4.0,0.3950000000000001,0.522,0.043,3.8,15.6,9.7,5.9,1.1,4.824999999999999,14.6,13.4,-0.2,0.1,-0.1,-0.2
32795,SG,25,5,0,5.6,0.2,0.2,0.0,0.4,0.8,1.0,0.0,0.4,0.2,0.0,1.0,9.0,0.3950000000000001,0.833,0.333,3.7,11.7,7.6,21.8,0.0,4.824999999999999,12.7,11.8,0.0,0.0,0.0,0.0
32171,SG,29,3,0,18.7,2.7,2.0,0.7,0.7,2.0,1.7,0.7,0.0,0.0,1.7,8.0,11.8,0.548,0.857,0.095,0.0,11.9,5.9,12.3,1.7,0.0,1.25,16.4,0.1,0.0,0.1,0.0
5849,PF,23,1,0,35.0,6.0,2.0,4.0,2.0,8.4,6.049999999999999,0.0,1.0,3.0,3.7000000000000006,16.0,15.5,0.621,0.417,0.167,9.9,18.8,14.4,29.0,0.0,2.4,23.25,21.4,0.0,0.0,0.1,0.0
5849,PG,24,1,0,41.0,1.0,1.0,0.0,0.0,4.0,6.049999999999999,1.55,0.0,2.0,3.0,3.0,7.3,0.5,0.9610000000000002,0.0,0.0,10.3,5.2,19.4,2.75,0.0,23.25,5.1,0.0,0.1,0.1,0.0
